user id ,user name,book id ,book name,issue_date,order id
1,Hana Crone,1,High-Low Hem Tee,11/22/2026,1
2,Mel Roston,2,Portable Bluetooth Speaker,8/2/2024,2
3,Erie de Chastelain,3,Smartphone Photography Tripod,3/16/2028,3
4,Imogene Rampling,4,Instant Camera,12/29/2023,4
5,Ginger D'Antuoni,5,Leather Notebook Cover,2/16/2023,5
6,Dody Gaiford,6,High-Speed Blender,7/2/2011,6
7,Cecilio MacLaren,7,Bamboo Cotton Tank Top,11/24/2011,7
8,Chastity Growden,8,Bamboo Cutting Board,7/2/2028,8
9,Cindelyn Wybron,9,Luxury Rolling Makeup Case,11/22/2003,9
10,Othella Odde,10,Electric Bike,5/9/2015,10
11,Inna Doohan,11,Sports Windbreaker,6/5/2017,11
12,Marita MacAllester,12,Luxury Memory Foam Mattress Topper,12/3/2020,12
13,Roch Glendinning,13,Traditional Hummus,4/11/2005,13
14,Dee dee McCarlie,14,Electric Fondue Pot,4/8/2027,14
15,Horst Vanelli,15,Kids' Trampoline,2/14/2016,15
16,Marty Dumbell,16,Durable Hiking Boots,4/7/2007,16
17,Egbert Bousquet,17,Sea Salt Caramel Popcorn,2/5/2025,17
18,Emalia Foley,18,Aeropress Coffee Maker,12/20/2026,18
19,Anthia Leggen,19,Fitness Jump Rope,8/27/2011,19
20,Elayne Weatherill,20,Pet Bed with Removable Cover,6/3/2009,20
21,Woodrow Drakeley,21,Wall Art Stickers,8/8/2022,21
22,Brew Dignon,22,Pasta Sauce Mix,8/18/2023,22
23,Phedra Harteley,23,Wine Decanter,10/9/2021,23
24,Clementine Heinert,24,Habanero Hot Sauce,3/19/2003,24
25,Celestine Lancley,25,High-Speed Blender,3/7/2017,25
26,Breena Muggleton,26,Teriyaki Stir-Fry Sauce,9/18/2014,26
27,Dinny Raincin,27,Coloring Books for Adults,8/11/2016,27
28,Haleigh Terbeek,28,Multi-Cooker,8/25/2016,28
29,Kaleena Lindblom,29,Wireless Keyboard and Mouse Combo,8/20/2008,29
30,Caren Teek,30,Pumpkin Pie Spice,10/3/2025,30
31,Verene Folling,31,Folding Backpack Chair,9/10/2002,31
32,Worthington Naseby,32,Veggie Burger Patties,3/2/2006,32
33,Micky Crollman,33,Casual Cropped Sweater,1/25/2024,33
34,Betsey Sharrier,34,Spinach Artichoke Dip,7/20/2000,34
35,Bat Pawelczyk,35,Classic Black Trousers,1/28/2008,35
36,Harlene Shearmer,36,Classic Caesar Salad Kit,8/30/2013,36
37,Grange Davie,37,Canvas Tote Bag,6/17/2009,37
38,Tybie Cordrey,38,Air Fryer,9/22/2007,38
39,Marwin Piborn,39,Professional Chef Knife,7/23/2010,39
40,Nessi Holcroft,40,Gaming Mousepad,4/25/2005,40
41,Minette Partridge,41,Herb Seasoned Croutons,9/8/2008,41
42,Quinton Kristiansen,42,Fitness Jump Box,3/30/2001,42
43,Reinwald Ubsdale,43,Baked Potato Chips,1/4/2002,43
44,Solomon Murkus,44,Adjustable Yoga Mat Strap,11/5/2001,44
45,Jaynell Duffett,45,Microwave Popcorn Maker,4/7/2027,45
46,Ree Halladey,46,Coconut Water,7/1/2023,46
47,Ashia Mauchline,47,Spicy Tuna Salad,4/27/2030,47
48,Betty Rowcastle,48,Pet Caress Brush,2/14/2026,48
49,Winny Stephenson,49,Pet Hair Remover,1/15/2005,49
50,Liuka Soonhouse,50,Vanilla Pudding Mix,2/1/2014,50
51,Abelard Avesque,51,Roasted Red Pepper Hummus,10/14/2005,51
52,Gregoire Burrett,52,Cotton Sweatpants,7/28/2023,52
53,Sigismondo Hollow,53,Portable Projector,3/3/2024,53
54,Demetris Winwright,54,Puzzle Game Set,9/6/2022,54
55,Jinny Ovens,55,Honey Mustard Chicken Breasts,9/6/2030,55
56,Jan Arendsen,56,Adjustable Window Blind,12/22/2017,56
57,Marjorie Josephov,57,Bamboo Toothbrush Holder,12/5/2012,57
58,Goran Ventam,58,Spicy Tuna Salad,6/25/2002,58
59,Cozmo Steers,59,Stuffed Bell Peppers,10/23/2010,59
60,Vanya Tubbles,60,Bamboo Toothbrush Holder,8/31/2006,60
61,Ashlan Fenty,61,Corn Tortillas,11/22/2026,61
62,Rani Birdsall,62,Rice Cakes,9/15/2012,62
63,Maryl Thorbon,63,Foam Building Blocks for Kids,2/8/2026,63
64,Alon Lainge,64,Avocado Lime Dressing,6/11/2018,64
65,Evie Luck,65,Wireless Mouse,11/5/2023,65
66,Diane-marie Minto,66,Peas (frozen),1/13/2026,66
67,Ardelis Convery,67,Pepper Jack Cheese Slices,11/15/2002,67
68,Noe Fourcade,68,Chino Shorts,12/30/2005,68
69,Aurelea Dunbobbin,69,Pet Hair Vacuum Cleaner Attachment,3/4/2008,69
70,Denice Northill,70,Sweet Potato & Kale Hash,6/15/2016,70
71,Jaquith McCurley,71,Beef Taco Skillet,9/1/2017,71
72,Sacha Scorey,72,Vegan Alfredo Sauce,2/15/2013,72
73,Evelina Daborne,73,Pistachio Ice Cream,10/30/2016,73
74,Angelo Folke,74,Oven-Baked Chicken Tenders,8/15/2025,74
75,Rolando McKellar,75,Pumpkin Pie Spice,3/26/2007,75
76,Lainey Attle,76,Peach Fruit Cups,11/23/2011,76
77,Corena Kivits,77,Honey Mustard Dip,4/30/2006,77
78,Stormi Macourek,78,Bamboo Bathtub Caddy,12/17/2021,78
79,Perl Welbourn,79,White Rice,11/30/2007,79
80,Jeremiah Mastrantone,80,Mashed Sweet Potatoes,10/30/2015,80
81,Thomas Bernardy,81,Mayonnaise,11/28/2003,81
82,Chelsy Briar,82,Overnight Hiking Backpack,2/1/2023,82
83,Ferdy Barkes,83,Arcade Game Machine,12/25/2008,83
84,Ashlen Cosley,84,Pomegranate Juice,5/6/2000,84
85,Nydia Tyne,85,Smart Wi-Fi Camera,11/14/2013,85
86,Gwendolin Oag,86,Honey mustard chicken tenders,5/24/2017,86
87,Arv Yashnov,87,Apple Cinnamon Granola,10/13/2021,87
88,Cleo Cardenoza,88,Reversible Swimming Pool Lounger,6/12/2003,88
89,Sosanna Purslow,89,Rice Cakes,11/22/2021,89
90,Willard Glencross,90,Chicken Broth,6/9/2028,90
91,Tanhya Rosewell,91,Sunglasses,8/27/2002,91
92,Mathilda Grunson,92,Apple Cinnamon Breakfast Muffins,5/29/2019,92
93,Sile Burgoin,93,Tailored Dress Pants,5/13/2018,93
94,Gardner Bentz,94,Chocolate Chip Cliff Bars,4/12/2001,94
95,Merralee Berks,95,Himalayan Pink Salt,4/22/2001,95
96,Kimberley Wathen,96,Smartphone Projector,1/20/2022,96
97,Wynn Rushmere,97,Action Camera,2/14/2005,97
98,Candra Hanham,98,Whipped Cream Cheese,3/22/2019,98
99,Lynnette Quadri,99,Smart Thermostat with Wi-Fi,4/25/2000,99
100,Daveen Lidgertwood,100,Falafel Mix,2/16/2001,100
101,Flo Swann,101,Dried Mango Slices,7/19/2005,101
102,Gawain Ailward,102,Ice Cube Tray with Lid,9/13/2007,102
103,Saloma Vigers,103,Low-Fat Yogurt,1/31/2030,103
104,Bartholomeus Stolz,104,Athletic Sports Bra,12/13/2027,104
105,Rolland Varne,105,Organic Black Beans,1/21/2002,105
106,Terrye Elnaugh,106,Cooking Utensil Set,1/2/2028,106
107,Phil Abrahamson,107,Brown Sugar,8/23/2030,107
108,Tracy Brien,108,Dark Chocolate Bars,1/26/2019,108
109,Druci McInerney,109,Asian Salad Mix,9/9/2016,109
110,Audra Linfitt,110,Roasted Garlic Butter,3/4/2027,110
111,Storm Sowten,111,Kids' Art Easel,11/28/2014,111
112,Rolfe Wesley,112,Honey Roasted Peanuts,3/4/2014,112
113,Stanislaus Taylor,113,Stylish Wide-Leg Trousers,2/7/2025,113
114,Elston Casham,114,Jasmine Rice,3/19/2018,114
115,Lorianna Ronan,115,Adjustable Garden Rake,9/2/2021,115
116,Bridgette Braddock,116,Portable Jump Starter,12/14/2014,116
117,Clarita Cosh,117,Manual Coffee Grinder,8/30/2027,117
118,Sven Madgwick,118,Organic Black Rice,10/14/2024,118
119,Tobi Westbury,119,Garden Vegetable Chips,12/14/2026,119
120,Janella Louys,120,Caramel Apple Taffy,4/1/2001,120
121,Odette Roseby,121,Children's Gardening Set,2/23/2030,121
122,Bartolemo Cullip,122,Savory Pumpkin Soup,2/27/2015,122
123,Marti Proud,123,Carrot Sticks,3/26/2013,123
124,Viviana McCahey,124,Travel Shoe Bags Set,9/6/2022,124
125,Bertram Wollen,125,Coconut Oil,9/8/2018,125
126,Marji Lammert,126,Honey BBQ Riblets,8/31/2029,126
127,Ilysa Boni,127,Berries Medley,12/9/2022,127
128,Christel Gussin,128,Lemon Zest Olive Oil,9/24/2016,128
129,Roseann Forstall,129,Pet Safety Harness,10/1/2025,129
130,Nat Avramovsky,130,Kids' Art Easel,1/2/2029,130
131,Catrina Dreamer,131,Brown Rice,12/10/2020,131
132,Matias Bittany,132,Self-Cleaning Cat Litter Box,8/28/2030,132
133,Arlyn Aiskovitch,133,Trendy Bomber Jacket,2/25/2015,133
134,Virgina Putnam,134,Kids' Trampoline,10/25/2024,134
135,Wallis Bertomier,135,Oatmeal Raisin Cookies,10/7/2025,135
136,Arlette Burnsides,136,Mesh Sports Leggings,10/27/2018,136
137,Gabriell Vamplers,137,Herb Seasoned Croutons,6/23/2022,137
138,Sergio Lingwood,138,Gluten-Free Bread,8/10/2006,138
139,Danny McArd,139,Smart Wi-Fi Light Bulbs,1/18/2006,139
140,Tonie Nanetti,140,Acoustic Guitar,1/3/2020,140
141,Sayers Steane,141,Eco-Friendly Notepad,4/4/2021,141
142,Patrick Gott,142,Emergency Preparedness Kit,12/1/2021,142
143,Jourdan Thornton,143,Lemon Herb Chicken,12/23/2019,143
144,Cyndie Warlaw,144,Balsamic Vinaigrette,11/12/2024,144
145,Reese Sandle,145,Inflatable Pool Float,4/22/2017,145
146,Fawne Claffey,146,Cotton Tote Bag Set,3/30/2025,146
147,Mar Halfhide,147,Blueberry Chia Jam,6/8/2010,147
148,Richie Brisard,148,Wireless HDMI Transmitter,2/11/2019,148
149,Thibaud Bloys,149,Strawberry Rhubarb Jam,1/9/2009,149
150,Marline Cumberland,150,Party Mini Dress,9/12/2026,150
151,Joy Chadwell,151,Honeycrisp Apples,7/8/2003,151
152,Calvin Orniz,152,Cranberry Orange Juice,2/9/2006,152
153,Kristine Lindeman,153,Orange Ginger Vinaigrette,3/7/2010,153
154,Dorthy Kilgrove,154,Almond Butter Cups,5/10/2020,154
155,Chip Keynes,155,Vegetarian Pizza,3/27/2024,155
156,Sophronia Ouldcott,156,Sliced Turkey Breast,12/13/2006,156
157,Hailee Maylott,157,Car Seat Organizer,1/19/2027,157
158,Siward Joutapaitis,158,Pork Chops,1/29/2030,158
159,Cherey Jakubiak,159,Zucchini Noodle Pasta,5/24/2013,159
160,Ulberto Boobier,160,Mediterranean Flatbread,7/10/2022,160
161,Mercedes Hallward,161,Cotton Sweatpants,5/20/2002,161
162,Stanfield Dearnaly,162,Teriyaki Chicken Wings,2/16/2017,162
163,Rochette Thor,163,Cold Brew Coffee Concentrate,12/27/2027,163
164,Garvey Ivanuschka,164,Portable Speakers,4/18/2013,164
165,Guss Dellenbrok,165,Coconut Cashew Yogurt,6/22/2026,165
166,Tulley Gianilli,166,Travel Organizer,7/7/2016,166
167,Merrile Berntsson,167,Action Camera,9/17/2025,167
168,Rubia Ramsier,168,Coffee Capsule Dispenser,8/14/2017,168
169,Rowen Momford,169,Beef Stroganoff Meal Kit,1/20/2028,169
170,Lilly Blann,170,Backpacking Tent,4/1/2029,170
171,Pyotr Rubertis,171,Sliced Cheese,1/2/2030,171
172,Brittaney Kane,172,Italian Breadsticks,11/9/2027,172
173,Oswell Boich,173,Maple Pecan Granola,4/11/2024,173
174,Austen Routley,174,Personal Security Alarm Keychain,4/8/2025,174
175,Derrik Rudolf,175,Smartphone Photography Tripod,10/15/2012,175
176,Morena Frith,176,Wireless Keyboard and Mouse Combo,10/10/2023,176
177,Rosemary Stiddard,177,Portable Leaf Blower,7/12/2028,177
178,Delaney Barnshaw,178,Microfiber Cleaning Cloths,1/16/2005,178
179,Tome MacAdie,179,Outdoor Picnic Blanket,1/22/2004,179
180,Patten Riccione,180,Organic Green Tea,12/10/2008,180
181,Royal Staddart,181,Savory Trail Mix,4/28/2000,181
182,Berthe Skittreal,182,Electric Griddle,3/6/2022,182
183,Maryanna Ciepluch,183,Smartphone Photography Tripod,11/8/2004,183
184,Trenna Shwalbe,184,Maple Almond Yogurt,7/17/2011,184
185,Chanda Lowes,185,Aeropress Coffee Maker,10/15/2011,185
186,Cloe Koles,186,Two-Tone Windbreaker,9/13/2009,186
187,Cherry Essel,187,Pistachios,4/10/2003,187
188,Monah Sterland,188,Infrared Thermometer Gun,8/20/2022,188
189,Lucretia Mapston,189,Hummus,6/25/2024,189
190,Gayla Zealey,190,Organic Almonds,3/20/2022,190
191,Melina Greenroad,191,Herbed Mushroom Risotto,1/12/2007,191
192,Bryna Quigley,192,Spinach and Cheese Stuffed Shells,9/27/2021,192
193,Sayer Chislett,193,Chili Lime Corn Chips,2/5/2020,193
194,Nisse Cunniff,194,Crispy Tofu Bites,7/22/2000,194
195,Ingeborg Boreham,195,Air Fryer,9/3/2013,195
196,Charlot Werner,196,Cotton Quilted Throw Blanket,3/16/2014,196
197,Pepita Cunio,197,Microfiber Cleaning Cloth Set,1/19/2010,197
198,Elvira Benois,198,Self-Adhesive Wallpaper,8/19/2002,198
199,Maud Leebetter,199,Silicone Baking Cups,6/9/2022,199
200,Dennet Buglass,200,Ice Cream Maker,7/21/2023,200
201,Sabrina MacDwyer,201,Wrap Front Midi Skirt,6/14/2027,201
202,Merridie Dunlop,202,Quinoa,10/1/2020,202
203,Ham Pechold,203,Luminous Night Light,1/22/2022,203
204,Babette Petrasso,204,Almond Flour Biscuits,7/8/2013,204
205,Renata Caldera,205,Tropical Fruit Bowl,1/31/2014,205
206,Jack Mendes,206,Spinach and Cheese Stuffed Shells,9/12/2004,206
207,Jamesy Faltin,207,Chocolate Syrup,2/12/2008,207
208,Katherina Cosgriff,208,Compact Umbrella,4/17/2004,208
209,Jephthah De Bischof,209,Sweet Corn,10/17/2015,209
210,Syman Sherar,210,Chickpea Salad,5/4/2021,210
211,Corilla Tombleson,211,Siphon Coffee Maker,3/26/2004,211
212,Terrie McPeice,212,Pine Nuts,1/15/2010,212
213,Melosa Cominoli,213,Handcrafted Wooden Coasters,4/4/2019,213
214,Rodie Dahlback,214,Pasta Primavera,1/1/2001,214
215,Latia Branchett,215,Self-Cleaning Cat Litter Box,9/30/2029,215
216,Nevsa Bennington,216,Self-Massaging Pillow,12/21/2025,216
217,Clare Joll,217,Plant Growing Kit,12/8/2018,217
218,Muire Fidgin,218,Yoga Mat Carrier,3/3/2011,218
219,El Brellin,219,Smartphone UV Sanitizer,7/10/2002,219
220,Wynn Bettesworth,220,Pet Water Fountain,10/20/2024,220
221,Reed Bartel,221,Corn Tortillas,12/29/2025,221
222,Yorke Mauditt,222,Pear and Gorgonzola Salad,3/7/2022,222
223,Lise Kydde,223,Pumpkin Spice Cookies,6/26/2012,223
224,Sybille Odlin,224,Kids' Gardening Kit,1/21/2016,224
225,Gracia Schanke,225,Weighted Jump Rope,4/11/2012,225
226,Lindsay Hadye,226,Indoor Grill,1/7/2009,226
227,Cristine MacKeogh,227,Incense Holder,2/11/2027,227
228,Paulo Tomaszczyk,228,Wi-Fi Enabled Smart Light Switch,9/12/2026,228
229,Ernestine Widdowson,229,Vegetable and Cheese Quesadillas,3/19/2018,229
230,Nissa Threader,230,A-Line Skirt,1/21/2022,230
231,Chryste Bottle,231,Cinnamon Roll Dough,6/15/2010,231
232,Sorcha Roycroft,232,Thai Peanut Dressing,2/28/2029,232
233,Cyndia Joberne,233,Cacao Powder,4/26/2021,233
234,Ansel Knaggs,234,Bird Feeder,10/15/2024,234
235,Priscella Linnock,235,Cauliflower Crust Pizza,5/31/2009,235
236,Vannie Havick,236,Portable Hand Warmer,11/26/2004,236
237,Maure Sammon,237,Outdoor Folding Table,7/22/2002,237
238,Mychal Wrassell,238,LED Strip Lights Kit,3/27/2016,238
239,Sherie Dilgarno,239,Peanut Butter Protein Balls,12/31/2000,239
240,Bamby Nester,240,Shredded Cheese,9/5/2018,240
241,Ettore Shipperbottom,241,Faux Leather Leggings,10/4/2000,241
242,Doretta Cazin,242,Cocktail Shaker and Mixing Glass Set,5/1/2018,242
243,Elmer Pampling,243,Vegan Chocolate Cake Mix,3/7/2021,243
244,Helyn Goodbody,244,Sporty Cap,6/4/2002,244
245,Buddie Manuaud,245,Smartphone Holder for Car,1/7/2000,245
246,Hatty Maven,246,Mini Air Hockey Table,12/19/2019,246
247,Talya Fihelly,247,Roasted Red Pepper Dip,7/27/2002,247
248,Nicolea Herity,248,Popcorn Chicken,6/22/2012,248
249,Andreana Klimshuk,249,Pet Nail Clipper,1/27/2010,249
250,Syd Battabee,250,Outdoor Camping Hammock,6/18/2030,250
251,Theadora Pettitt,251,Kids' STEM Robotics Kit,4/8/2016,251
252,Brandtr Champniss,252,Ethically-Sourced Coffee Beans,8/2/2021,252
253,Madeline Farquar,253,Luxury Bathrobe,2/12/2015,253
254,Innis Mathen,254,High-Pressure Handheld Shower Head,7/7/2024,254
255,Jacqueline Monks,255,Mixed Nuts,11/28/2017,255
256,Clarita Chomley,256,Wall-Mounted Organizer,2/12/2004,256
257,Rhianon Caulton,257,Pet Caress Brush,7/17/2027,257
258,Marcile M'Quharg,258,Herbal Tea Infuser,5/13/2021,258
259,Sybila Hickenbottom,259,Electric Griddle with Lid,3/29/2006,259
260,Parry Caudelier,260,Honey BBQ Riblets,7/24/2030,260
261,Say Churchlow,261,USB Wall Charger,11/19/2028,261
262,Emmi Albany,262,Handmade Leather Journal,11/18/2008,262
263,Filmore Weir,263,Asian Salad Mix,3/10/2015,263
264,Maximilianus Tripony,264,Homestyle Chicken Noodle Soup,3/22/2015,264
265,Pammi Garci,265,Quinoa & Black Bean Salad,12/11/2001,265
266,Gerti Stanlake,266,Digital Wireless Meat Thermometer,7/12/2019,266
267,Chantalle Allmond,267,Digital Photo Frame,4/22/2025,267
268,Sigismondo Knudsen,268,Tailored Dress Pants,8/29/2011,268
269,Florri Curmi,269,Biodegradable Phone Case,10/24/2015,269
270,Gwendolyn Vecard,270,High-Quality Yoga Block,12/10/2021,270
271,Zarla Durrans,271,Desk Lamp with USB Port,6/16/2020,271
272,Yankee Haselwood,272,Cushion Covers,2/10/2011,272
273,Denna Pitrollo,273,Brazil Nuts,9/12/2006,273
274,Aretha Bateson,274,Non-Stick Baking Sheets,10/31/2011,274
275,Lianne Capstaff,275,Body Wash,8/9/2003,275
276,Royce Haggett,276,Electric Heat Pad,5/15/2028,276
277,Waiter Dimmock,277,Portable Folding Picnic Table,8/15/2030,277
278,Nicholle Sagerson,278,Over-the-Door Shoe Organizer,4/25/2011,278
279,Morgan Shears,279,Kids' Art Supplies Kit,8/1/2027,279
280,Tobey Reven,280,Smart Plant Monitor,12/29/2027,280
281,Robinet Gubbin,281,Smartphone Photography Tripod,4/26/2023,281
282,Cody Dell,282,Pet Hair Vacuum Attachment,8/17/2005,282
283,Si Heck,283,Lightweight Backpacking Tent,2/1/2005,283
284,Edgardo Birkenhead,284,Ski Goggles,2/14/2000,284
285,Miltie Gullam,285,Cranberry Almond Granola,10/7/2022,285
286,Karlotte Pidduck,286,Nut Butter Cups,11/29/2016,286
287,Bettine McLanaghan,287,Creamy Avocado Dip,4/7/2007,287
288,Shem De Vaar,288,Multi-Layer Food Steamer,6/21/2006,288
289,Errick Jaggli,289,Honey Almond Granola Bars,10/15/2014,289
290,Craig Rusling,290,Camping Lantern,3/28/2027,290
291,Hortensia Miche,291,Coloring Books for Adults,8/10/2017,291
292,Eustacia Lamey,292,Fall-Themed Table Runner,5/15/2000,292
293,Silas Roff,293,Trackpad for Laptop,1/25/2013,293
294,Jeri Goadby,294,Kids' Outdoor Explorer Kit,2/2/2025,294
295,Coop Reckhouse,295,Vegetable Stir Fry Mix,6/16/2026,295
296,Nanice Pretsel,296,Bamboo Toothbrush Holder,2/9/2009,296
297,Sully Le Floch,297,Hiking Water Bottle with Filter,5/25/2003,297
298,Findley Tillyer,298,Eco-Friendly Yoga Blocks,11/25/2016,298
299,Gwenette Mildner,299,Self-Watering Planters,4/15/2003,299
300,Jerad Crossdale,300,Smartphone Tripod,5/16/2019,300
301,Sydel Egdal,301,Coconut Cream Pie Mix,9/8/2001,301
302,Alfie Borth,302,Frozen Edamame,7/6/2013,302
303,Ursuline Serot,303,Silicone Baking Mat Set,1/8/2015,303
304,Axe Bartolacci,304,Roasted Red Pepper Hummus,6/20/2016,304
305,Karon Fost,305,Sesame Oil,8/21/2006,305
306,Candida Humphery,306,Pasta Primavera,4/29/2000,306
307,Dee le Keux,307,Adjustable Dog Harness,1/3/2025,307
308,Gerald Bache,308,Quinoa & Black Bean Salad,10/23/2013,308
309,Doro Whelan,309,Portable USB-C Monitor,11/6/2003,309
310,Cookie Gatfield,310,Set of Measuring Spoons,3/22/2011,310
311,Shirlene Vasilyev,311,Pasta Maker,7/29/2015,311
312,Augusto Keays,312,LED Christmas Lights,1/10/2005,312
313,Shani Rame,313,Inflatable Party Cooler,6/29/2016,313
314,Yankee Phebey,314,Pet Grooming Kit,2/6/2018,314
315,Dori Ionnisian,315,Ramen Noodle Soup Cups,2/26/2019,315
316,Marne Denk,316,Natural Fruit Snacks,11/2/2013,316
317,Jasmina Mixworthy,317,Mashed Sweet Potatoes,11/12/2029,317
318,Rem Marsie,318,Crispy Onion Rings,7/6/2026,318
319,Link Matiashvili,319,Cocktail Shaker Set,1/2/2018,319
320,Lenee Rawood,320,Teriyaki Chicken Skewers,9/27/2002,320
321,Petronella Divell,321,Plant Growing Kit,12/12/2025,321
322,Carrie Anglin,322,Compact Umbrella,9/1/2025,322
323,Andriana Wudeland,323,Smoked Gouda Cheese,11/17/2011,323
324,Cherrita Clinnick,324,Veggie Burger Patties,8/4/2027,324
325,Priscilla Macilhench,325,High-Quality Yoga Mat,3/17/2000,325
326,Pepe Doxey,326,Lentil Vegetable Stew,11/1/2006,326
327,Gillan Popworth,327,Italian Sausage Links,8/14/2011,327
328,Raquel Pevreal,328,Portable Charger with Solar Panel,8/29/2017,328
329,Mill Klishin,329,Yoga Strap,12/7/2023,329
330,Ninon Cleugh,330,Adjustable Kitchen Broom Stand,10/5/2019,330
331,Petronilla Malafe,331,Peas (frozen),1/16/2008,331
332,Granny Rigmand,332,Kids' Gardening Kit,1/23/2022,332
333,Kyrstin Muncaster,333,Mini Pretzels,11/6/2007,333
334,Klarika Quene,334,Hummus,8/11/2019,334
335,Bent Pymm,335,Pork Chops,11/14/2023,335
336,Torey Donneely,336,Ribbed Knit Dress,9/21/2022,336
337,Otes Zannuto,337,Spiralizer,9/27/2026,337
338,Bink Yonnie,338,Vegetarian Chili,4/20/2022,338
339,Dalia Gawler,339,Vegan Taco Seasoning,7/26/2026,339
340,Read Rolfini,340,Window Blinds,6/3/2029,340
341,Siegfried Fante,341,Wild Rice & Quinoa Mix,2/10/2029,341
342,Annmaria Somerset,342,Sustainable Wooden Toys,6/12/2015,342
343,Jilly Touhig,343,Adjustable Height Standing Desk Converter,5/20/2003,343
344,Zsa zsa Rawe,344,Adjustable Laptop Desk,1/29/2014,344
345,Frayda Kohler,345,Mini Projector for Smartphones,10/8/2015,345
346,Karissa Simonato,346,Sweet and Spicy Barbecue Sauce,6/18/2025,346
347,Louie Putson,347,Reversible Comforter Set,1/29/2018,347
348,Lucy O'Brogan,348,Magnetic Spice Containers,3/14/2014,348
349,Lemar Crole,349,Laundry Detergent,1/22/2006,349
350,Brenn Burnup,350,Luxe Velvet Blazer,5/22/2001,350
351,Wat Shimman,351,Peach Slices in Syrup,6/7/2010,351
352,Allister Lyddiard,352,Customizable Name Puzzle,10/28/2001,352
353,Natal Birch,353,Adjustable Pedicure Footrest,7/22/2017,353
354,Nickola McDill,354,Frozen Berry Medley,9/10/2011,354
355,Cherey Bliben,355,Maple Syrup,9/24/2020,355
356,Jenny Aubrun,356,Comfortable Bed Pillow,5/24/2011,356
357,Barbaraanne Linden,357,Chili Lime Shrimp,12/19/2013,357
358,Georgine Bentall,358,Maxi Wrap Dress,8/9/2015,358
359,Briggs Addess,359,Hiking Boots,12/25/2024,359
360,Raddie Mingotti,360,Savory Trail Mix,10/5/2024,360
361,Siana McIan,361,Running Shorts,2/15/2016,361
362,Rube Phillot,362,Waffle Maker,2/1/2025,362
363,Dyana Freezer,363,Voice-Controlled Speaker,3/26/2006,363
364,Estele Stendell,364,Maple Pecan Oatmeal Cookies,8/23/2021,364
365,Nevile Wimbridge,365,BBQ Lentil Chips,6/26/2008,365
366,Cord Dorian,366,Bock Beer Mustard,11/16/2022,366
367,Karel Cleator,367,Gluten-Free Bread,1/26/2014,367
368,Dorella Ivanishin,368,Pet Hair Removal Brush,10/12/2002,368
369,Erinna Coch,369,Sea Salt Caramel Brownie,10/20/2030,369
370,Pryce Gummow,370,DIY Candle Kit,12/14/2015,370
371,Ange Iltchev,371,Electric Heat Pad,6/10/2026,371
372,Erina Questier,372,Desk Organizer Set,10/12/2015,372
373,Arnie Hatley,373,Classic Black Trousers,2/5/2015,373
374,Wallis Whitlow,374,Beef Stroganoff Meal Kit,1/16/2004,374
375,Rockey Barthelemy,375,Pet Water Bottle,9/11/2027,375
376,Land Sambedge,376,Whole Wheat Pita Bread,10/28/2012,376
377,Natalie Stopp,377,Smartphone Camera Lens Kit,1/7/2016,377
378,Shayne MacLice,378,Chocolate Coconut Granola,8/30/2022,378
379,Serge Foale,379,Cheesy Cauliflower Bake,7/7/2016,379
380,Anastasie Willstrop,380,Artisan Pickles,7/4/2026,380
381,Bobby McHaffy,381,Chia Seed Pudding,8/2/2009,381
382,Cathie Cordelle,382,Pest Control Traps,10/4/2027,382
383,Roderic McMahon,383,Electric Razor,9/1/2012,383
384,Tedda Bamlet,384,Feta Cheese Crumbles,8/18/2030,384
385,Marve Mosten,385,Organic Almonds,3/22/2014,385
386,Yevette Ackred,386,Chilli Lime Corn on the Cob,11/13/2021,386
387,Ariella MacClure,387,Lemon Sorbet,7/23/2019,387
388,Bondie Cockerham,388,Handmade Wooden Utensil Set,4/6/2008,388
389,Joannes Sharkey,389,Tandoori Chicken Skewers,1/15/2001,389
390,Ainslie Gaylord,390,Compact Folding Table,4/26/2021,390
391,Cy Pinfold,391,Pleated Midi Dress,10/18/2019,391
392,Derwin Iban,392,Peanut Butter Filled Pretzels,6/21/2007,392
393,Bowie Danelet,393,Frozen Acai Purée,5/3/2027,393
394,Shadow Merle,394,Basil Tomato Soup,6/25/2004,394
395,Lavena Frunks,395,Marinara Parmesan Baked Ziti,7/11/2017,395
396,Prue Caley,396,Almond Joy Munch Bars,10/1/2026,396
397,Hyacinthia Rizzini,397,Non-Toxic Crayons for Kids,8/24/2003,397
398,Rosco Kerswell,398,Protein Bar Variety Pack,4/12/2003,398
399,Dulci Conniam,399,Oven Thermometer,6/7/2015,399
400,Adriano Barr,400,Chocolate Coconut Protein Balls,12/19/2023,400
401,Jamal Dehmel,401,Pumpkin Spice Coffee,7/17/2020,401
402,Sibella Rostron,402,Coconut Yogurt,11/23/2013,402
403,Marianne Droogan,403,Carrot Sticks,1/6/2017,403
404,Clementius Demcak,404,Freestanding Wine Rack,7/9/2007,404
405,Merle Sculpher,405,Sushi Rice,2/22/2028,405
406,Lindsey Turgoose,406,Handmade Leather Wallet,7/15/2010,406
407,Theodor Bezarra,407,Apple Cinnamon Breakfast Muffins,1/30/2021,407
408,Archambault Ivushkin,408,Cotton Quilted Throw Blanket,3/21/2001,408
409,Nobe Stichel,409,Foam Muscle Roller,10/8/2027,409
410,Francesca Faudrie,410,Savory Rice Cakes,2/6/2023,410
411,Carly O'Keefe,411,Home Delivery Food Journal,3/23/2009,411
412,Lydon Franklen,412,Personal Safety Alarm,11/13/2012,412
413,Oralee Storrie,413,Chino Shorts,1/31/2008,413
414,Saraann Carson,414,Italian Sausage and Peppers,3/10/2018,414
415,Esteban Bonas,415,Jump Rope with Counter,12/11/2008,415
416,Madlen Quincey,416,Vegan Mayonnaise,11/21/2022,416
417,Rozella Frances,417,Self-Cleaning Cat Litter Box,12/25/2016,417
418,Nerissa Colpus,418,Solar Power Bank,10/17/2000,418
419,Chantal Tenwick,419,Pet Nail Clipper,11/16/2023,419
420,Granger Seakings,420,Rain Jacket,8/19/2013,420
421,Ruth Baroux,421,Cherry Almond Protein Bar,9/12/2002,421
422,Dwain Antal,422,Smart LED Desk Lamp,1/10/2017,422
423,Seward Kivlin,423,Ice Cream,12/15/2024,423
424,Hedvig Dinley,424,Puzzle Game Set,1/1/2014,424
425,Nigel Ubsdale,425,Classic Black Trousers,12/14/2008,425
426,Hamil Brettle,426,Golf Putting Green,12/6/2030,426
427,Rodolph McPhelimy,427,Insulated Lunch Bag,6/14/2027,427
428,Adolph Blumer,428,Coffee Making Kit,9/3/2011,428
429,Mozes Weddup,429,Ski Goggles,1/22/2018,429
430,Judd Rowaszkiewicz,430,Cereal Dispenser with Portion Control,9/13/2030,430
431,Willdon Eakens,431,Gluten-Free Pancake Mix,9/18/2018,431
432,Wilone Jossum,432,Electric Pressure Washer,4/22/2006,432
433,Durant Simony,433,Teriyaki Sauce,9/29/2001,433
434,Crawford Agget,434,Maple Pecan Oatmeal Cookies,7/20/2006,434
435,Erin Brodest,435,Camping Chair with Cooler,4/24/2016,435
436,Trevar Twamley,436,Golf Putting Green,3/25/2015,436
437,Orson Kingsnode,437,Denim Jacket,8/13/2013,437
438,Ansell Thornewell,438,Comfort Flats,2/16/2008,438
439,Roselin Matschuk,439,Video Camera,5/6/2013,439
440,Dmitri Southouse,440,Fitness Tracker with Heart Rate Monitor,8/25/2020,440
441,Phedra Quantrill,441,Children's Science Experiment Lab Kit,3/26/2014,441
442,Kaylyn Harwick,442,Electric Hot Pot,4/29/2015,442
443,Lyndsie Culleford,443,Savory Snack Mix,8/10/2008,443
444,Hillier Jeratt,444,Kale Salad Kit,5/1/2027,444
445,Mariele Emor,445,Biodegradable Phone Case,10/4/2007,445
446,Odell Ragsdale,446,Streaming Device,4/8/2004,446
447,Cody Gingel,447,Pepperoni Pizza Rolls,1/20/2011,447
448,Shelia Ivanaev,448,Microfiber Cleaning Cloths,6/11/2002,448
449,Masha Eilhersen,449,Kids' Art Supplies Kit,5/16/2020,449
450,Fidole Okroy,450,Artisan Bread Loaf,12/20/2008,450
451,Birdie McCaughran,451,Spicy Italian Sausage,1/10/2028,451
452,Sancho Grundell,452,Colorful Post-It Notes Set,2/14/2019,452
453,Nahum Daveley,453,Raspberry Vanilla Greek Yogurt,12/28/2006,453
454,Lurline Clayal,454,USB Wall Charger,3/17/2016,454
455,Becki Viney,455,Comfortable Jogger Pants,5/11/2027,455
456,Lissa Woloschin,456,Spicy Tuna Rolls,1/22/2024,456
457,Dorian Buckthorpe,457,Compost Bin,6/3/2004,457
458,Odelinda Vaudre,458,Organic Chia Seeds,12/17/2020,458
459,Sinclare Thring,459,Rechargeable Electric Toothbrush,8/5/2000,459
460,Brittan Derwin,460,Carrot Ginger Soup,11/4/2015,460
461,Max Lambregts,461,Pet Tracking Collar,11/4/2011,461
462,Alf Ryding,462,Air Fryer,4/3/2021,462
463,Andras Talloe,463,Chickpeas,11/21/2015,463
464,Calhoun De Marchi,464,Drone,8/1/2020,464
465,Ellerey MacLaig,465,Comfort Flats,3/12/2025,465
466,Emelia Davidove,466,Self-Stirring Mug,3/18/2018,466
467,Patience Sheldrick,467,Rechargeable Hand Warmer,9/14/2018,467
468,Dov Orpen,468,Vegan Cheese,2/8/2008,468
469,Arlen Croux,469,Classic Cheesecake Mix,6/22/2019,469
470,Bernadina Ruttgers,470,Classic Vanilla Fudge,6/17/2014,470
471,Orson Jeremiah,471,Hummus,7/23/2005,471
472,Barby Lissimore,472,Non-Toxic Crayons for Kids,8/21/2006,472
473,Janos Thurske,473,Peach Yogurt,4/23/2010,473
474,Neal Iacoboni,474,Oven-Baked Cheese Crisps,9/9/2007,474
475,Zitella Basek,475,Oven Thermometer,2/15/2027,475
476,Gregorio Uridge,476,Maple Almond Yogurt,6/17/2026,476
477,Marsh Cregg,477,Greek Yogurt,8/22/2016,477
478,Jaymee Wooffitt,478,Buttermilk Pancakes,6/3/2017,478
479,Veriee Moulder,479,Pistachio Ice Cream,10/17/2028,479
480,Tiffi Fairham,480,Car Vacuum Cleaner,11/29/2025,480
481,Lynne Silverthorn,481,Garden Tool Belt,7/14/2025,481
482,Hatti Ghiraldi,482,Chickpea Salad,12/5/2002,482
483,Tobe Harbin,483,Smartphone Hand Grip,3/29/2017,483
484,Melantha Parratt,484,Solar Garden Lights,11/24/2005,484
485,Rosalia Kosel,485,Yoga Wheel,2/25/2004,485
486,Benjie Motherwell,486,Roasted Chickpeas,10/7/2001,486
487,Helenelizabeth Lansdale,487,Pesto Pasta Sauce,2/9/2007,487
488,Irvin Danzey,488,Buffalo Cauliflower Bites,5/29/2027,488
489,Max Dunnion,489,Faux Leather Leggings,12/3/2029,489
490,Maddy Pilkinton,490,Chocolate Syrup,5/26/2020,490
491,Sibby Marchent,491,Teriyaki Beef Strips,3/10/2019,491
492,Darlene Boome,492,Set of Herb Garden Markers,8/22/2027,492
493,Oliver Thurman,493,Smartphone Tripod with Remote,2/22/2013,493
494,Beatrisa Scripps,494,Classic Vanilla Fudge,10/20/2006,494
495,Beauregard Cosley,495,Pet Hair Removal Brush,10/15/2006,495
496,Hilary Sirl,496,Pork Chops,2/20/2004,496
497,Thaddeus Ship,497,Blender Bottle,12/7/2016,497
498,Daloris Beminster,498,Spicy Beef Taco Mix,6/9/2011,498
499,Zacharie Braisted,499,Hiking Boots,8/10/2022,499
500,Fairlie Hornbuckle,500,Chiffon Blouse,5/31/2002,500
501,Gerry Rens,501,Maple Syrup,3/18/2011,501
502,Isidore Shobrook,502,Lemon Basil Pasta Sauce,1/14/2010,502
503,Pet Keunemann,503,Electric Opener for Jars and Bottles,6/16/2004,503
504,Nelly MacKill,504,Whole Grain Mustard,11/27/2000,504
505,Caye Goodred,505,Pepper Jack Cheese Slices,9/1/2030,505
506,Benito Skures,506,Portable Charger with Solar Panel,5/3/2009,506
507,Wynn Holdin,507,Cotton Quilted Throw Blanket,9/13/2006,507
508,Pier Collerd,508,Oven-Baked Cheese Crisps,9/22/2018,508
509,Poppy Curnnokk,509,Portable Phone Mug Holder,6/7/2027,509
510,Kimberley Esilmon,510,Cordless Water Flosser,5/15/2013,510
511,Orton Whitebread,511,Honey Almond Granola Bars,2/18/2028,511
512,Diena Beckitt,512,Kombucha Drink,5/19/2005,512
513,Olag Stourton,513,Organic Tomato Soup,8/3/2010,513
514,Rogers Guilbert,514,Men's Waterproof Hiking Boots,4/21/2000,514
515,Shanna Clift,515,Crispy Kale Chips,11/16/2017,515
516,Bethany Whyffen,516,Vegetable Samosas,7/27/2024,516
517,Carleton Seckom,517,DIY Candle Making Kit,7/21/2012,517
518,Shepperd Morris,518,Avocados,10/28/2002,518
519,Derwin Kimmins,519,Teriyaki Beef Jerky,12/26/2014,519
520,Alva Petracchi,520,Mango Chilli Sauce,9/14/2025,520
521,Lynna Messingham,521,Digital Photo Frame,10/9/2012,521
522,Corabel Rumford,522,Pretzel Bites,7/8/2024,522
523,Drucie Stodhart,523,Vegetable Quinoa Bowl,4/16/2006,523
524,Camellia Mainwaring,524,Organic Blueberries,8/26/2006,524
525,Becky Gyppes,525,Caramelized Onion Dip Mix,1/3/2000,525
526,Yanaton Crop,526,Magnetic Puzzle Board,9/6/2029,526
527,Star Brighty,527,Air Fryer Oven,10/24/2009,527
528,Gae Sambells,528,Blackberry Jam,6/17/2030,528
529,Carmelle Islep,529,Sweet Potato Tots,7/18/2024,529
530,Nikki Dowtry,530,Sushi Roll Kit,9/15/2018,530
531,Radcliffe Tolfrey,531,Electric Griddle with Removable Plates,1/28/2024,531
532,Saudra Fattorini,532,Maple Syrup,11/1/2024,532
533,Niki Brinkworth,533,Smartphone Photography Ring Light,6/7/2021,533
534,Mendy Curley,534,Banana Chips,2/15/2024,534
535,Catrina Scannell,535,Honey Sesame Chicken Mix,2/15/2006,535
536,Jereme D'Hooghe,536,Reusable Snack Bags,4/8/2026,536
537,Faulkner Meeking,537,Noise Reduction Headphones,5/12/2013,537
538,Sallyann Wilsdon,538,Compact Shoe Rack,7/22/2021,538
539,Trevar Knaggs,539,Portable Grill Cover,1/23/2019,539
540,Kasper Rickell,540,Chickpea Salad,11/26/2002,540
541,Joelle McCarver,541,Cheddar Cheese Crackers,9/5/2006,541
542,Lucio Poag,542,Electric Toothbrush,3/20/2018,542
543,Karena Eckert,543,Lentil Soup,4/12/2003,543
544,Collin Strasse,544,Workstation Laptop Stand,11/2/2010,544
545,Moss Velde,545,Vegetable Stir Fry Mix,3/10/2028,545
546,Guilbert Brosnan,546,Ginger Tea,3/18/2022,546
547,Rodi Leeming,547,Organic Whole Grain Oats,3/4/2030,547
548,Korella Denacamp,548,Portable Pet Stroller,5/28/2013,548
549,Svend Skatcher,549,Organic Almonds,5/16/2004,549
550,Chad Godfrey,550,Pet Tracking Collar,12/17/2027,550
551,Peria Deftie,551,3D Night Light,8/31/2024,551
552,Sylvan Dorgan,552,Nut Mix,2/1/2027,552
553,Selig Castagna,553,High-Top Leather Boots,6/29/2003,553
554,Donnajean Bourley,554,Almond Milk,5/15/2025,554
555,Sonnnie Di Biagi,555,Magnetic Spice Containers,11/28/2028,555
556,Mikael Longbottom,556,Electric Griddle with Lid,2/13/2029,556
557,Fletch Andreev,557,Folding Table,5/24/2001,557
558,Ezekiel Maywood,558,Safety Goggles,8/30/2001,558
559,Perri Levy,559,Reusable Food Storage Bags,4/14/2005,559
560,Karin Gatrill,560,Tomato Paste,5/21/2008,560
561,Hillary Brimley,561,Buttermilk Pancakes,11/6/2010,561
562,Natty Murricanes,562,Ramen Noodle Soup Cups,2/23/2003,562
563,Horst Culpan,563,Silicone Wine Glasses,3/25/2016,563
564,Wilow Reed,564,Granola,3/30/2014,564
565,Prentice Sebley,565,Fridge Magnet Set,6/3/2005,565
566,Bessy Hanhart,566,Pumpkin Spice Granola,11/26/2003,566
567,Georgeanne Ianniello,567,Safety Goggles,10/14/2003,567
568,Dyanne Joyson,568,Spicy Beef Taco Mix,3/14/2003,568
569,Lavinia Meadway,569,Kitchen Scale,5/20/2029,569
570,Piotr Sextie,570,Foot Spa Bath Massager,3/8/2016,570
571,Madlin Hospital,571,Blue Denim Jeans,3/3/2006,571
572,Junette Beddows,572,Nut Butter Cups,11/1/2015,572
573,Coleman Lewtey,573,Chili Lime Corn Chips,1/18/2023,573
574,Fiann Lilford,574,Chocolate Hazelnut Spread,7/10/2002,574
575,Kalila Balassi,575,Coconut Yogurt,5/22/2012,575
576,Felipe Philips,576,Carrot Ginger Soup,3/27/2022,576
577,Leeland Osmar,577,Multi-Functional Rice Cooker,3/26/2018,577
578,Auguste Kollaschek,578,Sweet Potato Mash,4/10/2022,578
579,Buck Lampert,579,Classic Black Trousers,12/10/2005,579
580,Olav Sinnett,580,Beard Grooming Kit,1/22/2014,580
581,Teriann Galiero,581,Induction Cooktop,8/22/2027,581
582,Clim Mosley,582,Children's Art Set,1/3/2014,582
583,Sydney Rhymer,583,Herbed Mushroom Risotto,10/20/2012,583
584,Siana Goldfinch,584,Mesh Laundry Bags Set,8/31/2013,584
585,Cesare Whiff,585,Mango Chunks,7/15/2004,585
586,Darrin Hryniewicz,586,Art Supplies Organizer,7/7/2003,586
587,Petr Finley,587,Striped Long Sleeve Shirt,12/9/2023,587
588,Nixie Palfrey,588,Zesty Garlic Marinade,6/14/2006,588
589,Sebastian Heustice,589,Solar Power Bank,6/12/2029,589
590,Rhett Bamlett,590,Chocolate Chip Cookie Mix,10/13/2021,590
591,Bartel Boothe,591,Pumpkin Spice Muffins,10/16/2021,591
592,Billie Greeves,592,Bicycle Lock,9/5/2007,592
593,Georgianna Kunkel,593,Fitness Foam Roller,3/24/2003,593
594,Shelia Sutherland,594,Rustic Wooden Picture Frame,4/7/2024,594
595,Leda Nestoruk,595,Lentil Vegetable Stew,8/23/2016,595
596,Myranda Baynham,596,Garlic Herb Seasoning,7/3/2019,596
597,Gilberte Coltart,597,Caramelized Onion Dip,7/25/2026,597
598,Hilton Heasly,598,Wine Glasses,6/13/2029,598
599,Annora Philpin,599,Ceramic Non-Stick Frying Pan,7/13/2009,599
600,Ertha Cowely,600,Organic Brown Rice Cakes,8/23/2003,600
601,Duke Ducarel,601,Foot Spa Bath Massager,3/22/2006,601
602,Maureen Chidley,602,Balsamic Fig Dressing,5/31/2006,602
603,Robinetta Carne,603,Sea Salt Tortilla Chips,1/14/2008,603
604,Bree Baseke,604,LED Camping Lantern with USB Charging,12/9/2001,604
605,Dorian Macieja,605,Sriracha Sauce,7/10/2020,605
606,Tallia Huton,606,Inspirational Wall Art,9/5/2023,606
607,Martha Scintsbury,607,Electric Stool Heater,4/8/2001,607
608,Oran Kingcott,608,Vegan Mac & Cheese,1/22/2013,608
609,Rozina Laying,609,Reusable Produce Bags Set,7/8/2004,609
610,Katinka Halso,610,Savory Rice Cakes,11/1/2027,610
611,Lizzie McAnulty,611,Dishwasher Safe Cutting Board,7/25/2025,611
612,Jaquenette Inkpin,612,Solar Garden Lights,12/22/2004,612
613,Jemie Jerome,613,Ceramic Planter Set,4/1/2026,613
614,Angie Woodwing,614,Honey Wheat Pretzels,5/22/2003,614
615,Leticia Joly,615,Coconut Cream,10/19/2022,615
616,Janet Bensley,616,Water-Resistant Bluetooth Speaker,5/5/2019,616
617,Lea Suter,617,Crispy Kale Chips,1/13/2015,617
618,Hunfredo Jerrans,618,Pretzel Bites,7/28/2016,618
619,Gabriel Conring,619,Wine Decanter,7/29/2002,619
620,Adore Cavey,620,Berries Medley,11/11/2020,620
621,Ediva Lyven,621,Electric Wine Opener,9/26/2029,621
622,Welbie Asprey,622,Pet First Aid Kit,1/12/2004,622
623,Herta Ceillier,623,Electric Toothbrush Holder,2/13/2013,623
624,Jasmin Beaves,624,Frozen Edamame,4/30/2028,624
625,Freddy Hrinchenko,625,Motorcycle Phone Mount,12/27/2004,625
626,Alena McCabe,626,Sweet Potato Fries,7/1/2018,626
627,Viva Bernard,627,Wireless Range Extender,3/4/2005,627
628,Wainwright Nucator,628,Adjustable Dumbbells,10/24/2016,628
629,Marcelo Ilyenko,629,Silicone Baking Mat Set,12/31/2001,629
630,Kendal Doddemeade,630,Roasted Garlic Aioli,8/21/2027,630
631,Maryrose Novakovic,631,Smart Thermos,11/18/2019,631
632,Gratia Wilacot,632,Wireless Charging Pad,9/5/2022,632
633,Nevil Fulker,633,Pineapple Coconut Yogurt,3/14/2021,633
634,Elysia Cardenoza,634,Classic Pesto Sauce,7/9/2030,634
635,Mic Leroux,635,Electric Kettle,12/23/2026,635
636,Karol Candy,636,Basic V-Neck T-Shirt,10/16/2021,636
637,Corbet Aaronsohn,637,Silicone Baking Mats,2/25/2024,637
638,Kara-lynn Crathorne,638,Electric Air Pump,7/28/2011,638
639,Ariana Cramb,639,Electric Griddle,4/14/2028,639
640,Carrol Winslade,640,Portable Hammock Swing,8/12/2018,640
641,Suzanna Canceller,641,Classic Caesar Salad Kit,11/7/2015,641
642,Joannes Lochead,642,Reusable Coffee Filter,1/8/2029,642
643,Vina Petkovic,643,Vegetable and Cheese Quesadillas,4/8/2000,643
644,Shena Moggie,644,Cranberry Citrus Sauce,5/8/2020,644
645,Quintina Lamboll,645,Chickpeas,1/16/2014,645
646,Aurel Giveen,646,Lemon Garlic Shrimp,6/11/2027,646
647,Sam Sabie,647,Vegan Alfredo Sauce,1/3/2013,647
648,Hodge Sherwill,648,Travel Beach Blanket,6/26/2030,648
649,Leroy Peplay,649,Tandoori Chicken Marinade,4/7/2009,649
650,Brandais Figgen,650,Mediterranean Flatbread,10/16/2013,650
651,Maddie Guidera,651,Watercolor Paint Set,10/5/2019,651
652,Evey Bugler,652,Kids' Outdoor Explorer Kit,8/16/2011,652
653,Roger Twitching,653,Portable Air Pump,11/21/2009,653
654,Louisette Elwell,654,Cinnamon Sugar Tortilla Chips,11/9/2000,654
655,Francene Lowdiane,655,Vegetarian Chili,12/25/2008,655
656,Dee dee Lillyman,656,Sliced Provolone Cheese,4/1/2006,656
657,Pall Cranmor,657,Personal Blender with Travel Cup,7/12/2009,657
658,Eydie Buttrum,658,Digital Bullet Journal,11/26/2021,658
659,Stavro Crasswell,659,Chocolate Chip Cliff Bars,12/14/2014,659
660,Vonni Leversuch,660,Curried Lentil Salad,10/14/2018,660
661,Gavin Dugald,661,Heavy-Duty Utility Tote,2/13/2001,661
662,Geoffry How to preserve,662,Winter Insulated Jacket,2/27/2000,662
663,Cathlene Beteriss,663,Classic Slim Fit Shirt,7/23/2020,663
664,Tanhya Cunnane,664,Honey Lemon Tea,6/24/2026,664
665,Nissie Jellybrand,665,Puff Pastry,6/2/2001,665
666,Ban Gartenfeld,666,Teriyaki Chicken Skewers,10/6/2011,666
667,Osborne Burdon,667,Over-the-Door Shoe Organizer,6/29/2012,667
668,Gordan Fitzsymon,668,Coconut Chia Seed Pudding,7/11/2015,668
669,Shara Wisniewski,669,High-Waisted Skirt,4/14/2029,669
670,Opal Carrick,670,Smart Water Bottle,10/31/2026,670
671,Nye Wilber,671,Cotton Tote Bag Set,10/4/2022,671
672,Bernarr Soughton,672,Spaghetti and Meatball Dinner Kit,5/3/2019,672
673,Katharyn Goodridge,673,Electric Kettle with Temperature Control,5/5/2028,673
674,Amble Volker,674,Fitbit Activity Tracker,3/23/2019,674
675,Melvin Dunlap,675,Organic Quinoa Salad,7/16/2005,675
676,Vincenz Bacon,676,Non-Slip Yoga Socks,3/4/2005,676
677,Berti Gosz,677,Portable Campfire,3/26/2003,677
678,Uriel Severwright,678,Measuring Cups Set,9/13/2007,678
679,West Klewer,679,Children's Backpack,11/5/2014,679
680,Nestor Farn,680,Silicone Cooking Utensils Set,11/7/2015,680
681,Annabela Heining,681,Sports Bottle,4/2/2019,681
682,Reba Lesurf,682,Cauliflower Gnocchi,7/11/2007,682
683,Willa Proffitt,683,Pet Water Fountain,7/20/2002,683
684,Kerwinn Tincombe,684,Electric Griddle with Lid,12/12/2029,684
685,Gus Wickrath,685,Mini Cordless Vacuum Cleaner,1/16/2008,685
686,Cinda Pykerman,686,Canvas Tote Bag,3/16/2008,686
687,Laura Barends,687,Personalized Pet ID Tags,10/22/2012,687
688,Bunnie Vescovo,688,Honey Ginger Tea,11/1/2005,688
689,Geneva Coade,689,Compressed Towel Tablets,3/20/2004,689
690,Korie Dobell,690,Maple Breakfast Sausage,9/1/2000,690
691,Tabbie Van der Daal,691,Pistachios,6/3/2030,691
692,Shermie Ffoulkes,692,Vanilla Pudding Mix,11/11/2011,692
693,Spenser Stearnes,693,Ultraviolet Phone Sanitizer,2/12/2001,693
694,Thane Cocklie,694,Maple Pecan Pancake Mix,1/25/2005,694
695,Augustin Hutchinson,695,Almond Quinoa Salad,2/13/2021,695
696,Joscelin Noen,696,Spice Rack,4/15/2002,696
697,Vickie Grigsby,697,Fruit Infuser Water Bottle,4/14/2020,697
698,Daria Jorat,698,Pizza Stone,6/28/2006,698
699,Lenka Bloomer,699,Mint Chocolate Chip Ice Cream,11/4/2026,699
700,Ev Mulryan,700,Board Game,6/1/2013,700
701,Galvan Geram,701,Portable Massage Table,4/9/2019,701
702,Roxanne Norway,702,Dried Fruit Medley,11/14/2008,702
703,Laurella Deary,703,Sweet Chili Sauce,3/26/2016,703
704,Coop Jansie,704,Buffalo Style Cauliflower Bites,1/23/2017,704
705,Sheree Downe,705,Multi-Cooker,11/16/2026,705
706,Griffin Lukianovich,706,Honey Nut Cheerios,3/28/2022,706
707,Sasha Meenan,707,Chocolate Chip Energy Balls,12/23/2016,707
708,Elroy Whitehair,708,Pasta Portion Control Measure,7/21/2029,708
709,Rockie Diggles,709,Plant-Based Cookbook,9/14/2020,709
710,Leelah Roxburch,710,Trendy Bomber Jacket,8/11/2017,710
711,Derrick Cloughton,711,Scented Candle Set,3/27/2008,711
712,Kial Goodanew,712,Steak Seasoning Rub,10/25/2021,712
713,Magda Drohane,713,Almond Flour Bread Mix,5/10/2023,713
714,Ronald Swainger,714,Dark Chocolate Raisins,3/6/2005,714
715,Rube Van Arsdall,715,Wine Decanter,7/4/2019,715
716,Julia Vasilyevski,716,Lemon Zest Olive Oil,6/8/2001,716
717,Saundra Canelas,717,Organic Green Tea,4/12/2006,717
718,Roderick Bortoluzzi,718,Roasted Garlic Butter,4/28/2013,718
719,Merwin Corzor,719,Handmade Soap Making Kit,12/22/2004,719
720,Merell Pasquale,720,Graphic Tee,1/9/2026,720
721,Gilbertine Antoszczyk,721,Chickpea Flour,12/8/2009,721
722,Preston Broadstock,722,DIY Lip Balm Making Kit,1/11/2005,722
723,Justis Biagi,723,Stainless Steel Travel Mug,7/15/2000,723
724,Leila Permain,724,Smartphone Holder for Car,10/23/2028,724
725,Lory Groves,725,Essential Oil Diffuser,10/21/2000,725
726,Therese Giraudot,726,Chocolate Mint Thins,3/14/2027,726
727,Cort Morfett,727,Electric Heat Pad,2/14/2003,727
728,Bastien Kells,728,Cold Brew Coffee Maker,10/23/2014,728
729,Rikki McIntosh,729,Maple Cinnamon Granola,5/1/2024,729
730,Cassie Wager,730,Spicy Thai Coconut Soup,12/19/2002,730
731,Raymond Hewes,731,Organic Quinoa Salad,4/10/2005,731
732,Ebony Standbrook,732,Beef Stew Meat,10/5/2006,732
733,Kissee Sheeran,733,Home Brewing Starter Kit,10/19/2029,733
734,Davie Djekovic,734,Silicone Baking Mat,2/12/2023,734
735,Sandor Khristoforov,735,Ground Cinnamon,12/23/2016,735
736,Abrahan Batalle,736,Maple Bacon Jerky,12/21/2003,736
737,Mar Cockshot,737,Wire Shelving Unit,12/19/2006,737
738,Osmund Shitliffe,738,Folding Table,1/31/2015,738
739,Trueman Kimbly,739,Lemon Pepper Seasoning,6/23/2011,739
740,Briney Reville,740,Smartphone Tripod,1/10/2027,740
741,Myrilla Jersh,741,Wireless Charging Pad,1/16/2030,741
742,Donn Pinke,742,Thai Peanut Noodles,10/16/2009,742
743,Damita Deny,743,Wireless Car Charger,2/15/2021,743
744,Ginger Eudall,744,Baking Soda,3/14/2029,744
745,Griffith De Ruel,745,Digital Stopwatch Timer,3/10/2022,745
746,Georgie Glashby,746,Mini Air Hockey Table,7/9/2004,746
747,Minor Moden,747,Electric Kettle,1/9/2023,747
748,Farlee Camerana,748,Wrap Front Midi Skirt,4/26/2003,748
749,Yanaton Deare,749,Gardening Gloves with Claws,3/27/2011,749
750,Ddene Moar,750,Baby Safety Corner Guards,6/16/2022,750
751,Edvard Normansell,751,Cat Tree with Scratching Posts,3/3/2012,751
752,Gipsy Lightwing,752,Classic Minestrone Soup,8/24/2021,752
753,Bobina Vaughan-Hughes,753,Herbal Tea Sampler Box,3/24/2013,753
754,Blake Lewendon,754,Wooden Puzzle Game,9/1/2021,754
755,Carissa Gossop,755,Maple Bacon Jerky,1/15/2004,755
756,Udale Coulbeck,756,Arcade Game Machine,7/19/2000,756
757,Pammy Canelas,757,Dried Fruit Medley,10/10/2013,757
758,Evangelina Olekhov,758,Nutty Trail Mix,10/5/2021,758
759,Reece Gyorffy,759,Honey Roasted Chickpeas,10/22/2024,759
760,Korella Carlucci,760,Kids' Craft Supplies Set,6/24/2023,760
761,Giorgi Nowick,761,Adjustable Skipping Rope,4/16/2009,761
762,Isac Brookbank,762,Golf Polo Shirt,12/4/2027,762
763,Lilith Foan,763,Safety First Aid Kit,10/22/2028,763
764,Hans Waind,764,Fresh Strawberries,12/7/2015,764
765,Carlotta Sinton,765,Dark Chocolate Tart,8/20/2003,765
766,Thor Radage,766,Thyme,1/25/2016,766
767,Wayland Jeannesson,767,Organic Black Rice,1/9/2014,767
768,Catharina Huke,768,Smart Wi-Fi Camera,3/8/2016,768
769,Washington Cardoo,769,Fridge Magnet Set,9/27/2030,769
770,Julita Dunphy,770,Honey Sesame Cashews,8/25/2006,770
771,Fleming Reinhardt,771,Rechargeable Hand Warmer,9/5/2027,771
772,Marina Scandred,772,Pineapple Chunks (canned),4/26/2000,772
773,Rene Marton,773,Children's Art Set,8/20/2028,773
774,Henrieta Georgiev,774,Honey Sesame Chicken,4/26/2026,774
775,Levon Thorouggood,775,Cacao Nibs,2/22/2020,775
776,De witt Greer,776,Coconut Lime Rice,4/8/2004,776
777,Lynnet Pettyfer,777,Avocado Oil Mayo,7/6/2020,777
778,Timofei Pearson,778,Roasted Red Pepper Sauce,7/20/2015,778
779,Andras Kleinplatz,779,Vegetable Spring Rolls,7/15/2011,779
780,Ruthi Lipyeat,780,Gardening Kneeler and Seat,4/19/2003,780
781,Janet Roath,781,Berries Medley,5/27/2030,781
782,Domenico Yurkov,782,Camping Tarp,9/10/2029,782
783,Barret Curless,783,Italian Meatballs,7/8/2009,783
784,Arlee Hackin,784,Chili Lime Seasoning,10/10/2014,784
785,Allan Buttel,785,Portable Bluetooth Headphones,2/19/2014,785
786,Karmen Goodhew,786,Trendy Bomber Jacket,8/8/2011,786
787,Holli Smallman,787,Sun-Dried Tomato Pesto,5/30/2028,787
788,Nevile Kitchinghan,788,Spicy Salsa Verde,5/13/2020,788
789,Avery Dearn,789,Instant Pot,5/9/2002,789
790,Lindsey Denzilow,790,Fried Rice,9/30/2011,790
791,Maurita Basset,791,Pet Nail Clipper,6/12/2006,791
792,Chad Lumsdaine,792,Window Blinds,3/10/2005,792
793,Ertha Extal,793,Shoe Organizer,1/29/2019,793
794,Chloe Barzen,794,Reflective Safety Vest,1/25/2019,794
795,Cheri A'field,795,Scented Candle Set,8/27/2006,795
796,Rozella Lucken,796,Organic Lentil Soup,11/19/2024,796
797,Darda Slay,797,Mixed Nuts,4/8/2008,797
798,Ambrosio Shiel,798,Instant Camera,6/19/2008,798
799,Sutherlan Course,799,Adjustable Dumbbells,2/23/2008,799
800,Arron Clayson,800,Garden Hoses with Expandable Features,2/17/2018,800
801,Shannon Cowins,801,Hummus Trio Pack,11/21/2022,801
802,Shirlene Guitel,802,Pumpkin Spice Latte Mix,5/7/2000,802
803,Kerr Lanston,803,Classic Slim Fit Shirt,8/9/2028,803
804,Eben Mitchley,804,Electric Kettle with Temperature Control,7/6/2025,804
805,Windy O'Mannion,805,Mint Chocolate Chip Ice Cream,2/12/2021,805
806,Emmeline Purry,806,Vanilla Bean Greek Yogurt,9/13/2008,806
807,Kimmi Dell Casa,807,Pet Reflective Vest,4/26/2008,807
808,Dimitri Cardoe,808,Indestructible Dog Toy,10/19/2001,808
809,Quint Lupson,809,Scented Candle Set,7/5/2026,809
810,Lu Tott,810,Smartphone Projector,5/3/2016,810
811,Kristine Cant,811,Classic Pesto Sauce,10/16/2030,811
812,Dewain Abdee,812,Sliced Turkey Breast,12/19/2008,812
813,Chane Lowre,813,Fresh Lemons,4/23/2001,813
814,Tait Ganderton,814,Teriyaki Stir-Fry Sauce,8/21/2007,814
815,Lizzy Houlden,815,Ribbed Knit Dress,1/10/2000,815
816,Renault Robertsen,816,Oven Mitts with Pocket,9/23/2011,816
817,Milo Glasard,817,Stainless Steel Mixing Bowls,10/26/2012,817
818,Philomena Gehricke,818,Spaghetti Squash,9/28/2028,818
819,Kamila Gagen,819,Smartphone Tripod with Bluetooth Remote,7/17/2026,819
820,Annora Tytherton,820,Handmade Leather Wallet,5/23/2026,820
821,Keenan Earey,821,Multifunctional Pocket Tool,1/22/2000,821
822,Darrin Tuftin,822,Yoga Blocks,12/17/2022,822
823,Cecily Piggins,823,Spinach and Feta Stuffed Chicken Breast,6/22/2023,823
824,Garek Fayter,824,Organic Sweet Potatoes,4/1/2003,824
825,Ilka Burrells,825,Pepperoni Pizza Roll-Ups,7/28/2008,825
826,Guinevere Sobtka,826,Comfort Flats,10/18/2015,826
827,Ajay Frankes,827,Stylish Combat Boots,3/18/2007,827
828,Ema Cabbell,828,Mango Salsa,8/7/2010,828
829,Torr Milch,829,Red Lentil Pasta,2/10/2016,829
830,Guinna Levey,830,Pet Food Storage Container,5/17/2006,830
831,Samuele Jerisch,831,Baked Falafel Balls,3/15/2016,831
832,Fletch Frankton,832,Chocolate Peanut Butter Cups,3/6/2027,832
833,Linnea Pearch,833,Pasta Primavera,2/21/2015,833
834,Sal Gunthorp,834,Folding Exercise Bike,8/3/2003,834
835,Ofelia Petegree,835,Memory Foam Mattress Pad,12/13/2014,835
836,Pamelina Amesbury,836,Pet Hair Removal Roller,7/15/2021,836
837,Fayre Akred,837,Balsamic Vinaigrette,3/15/2025,837
838,Butch Trevallion,838,Honey Graham Crackers,7/21/2022,838
839,Kory Moon,839,Rustic Wooden Picture Frame,8/16/2027,839
840,Mariellen Langwade,840,Portable Pet Water Bottle,4/27/2022,840
841,Boothe Sempill,841,Vegetarian Sausage Links,4/8/2000,841
842,Bernhard Parsall,842,Almond Crunch Granola Bars,3/20/2007,842
843,Sheridan Pfeffle,843,Smart WiFi Plug,4/25/2029,843
844,Kelcie O'Cahsedy,844,Ground Cinnamon,1/18/2030,844
845,Mahmud Marrington,845,Non-Toxic Concrete Sealer,11/20/2029,845
846,Loydie Roust,846,Almond Joy Snack Bars,7/14/2005,846
847,Cully Clews,847,Luxury Memory Foam Mattress Topper,8/26/2016,847
848,Vyky Muckian,848,Frozen Cauliflower Rice,1/8/2018,848
849,Donni Crumbleholme,849,Hot Dog Buns,4/9/2009,849
850,Katharine Wakely,850,Essential White Button-Up,9/2/2029,850
851,Vicki Lorenzin,851,Savory Breakfast Sausage,10/5/2022,851
852,Annelise Cumberlidge,852,Infrared Space Heater,3/29/2009,852
853,Ralf Hamner,853,Frozen Cauliflower Rice,1/8/2003,853
854,Henrik Lewins,854,Gardening Gloves,11/21/2001,854
855,Carr Works,855,Smartphone Tripod,10/7/2030,855
856,Brooke Otley,856,Peach Green Tea,3/18/2020,856
857,Geralda Bentame,857,Mini Air Purifier,8/30/2022,857
858,Michaela Clyburn,858,Classic Watch,10/26/2007,858
859,Waylen Eddis,859,Survival Gear Kit,3/5/2010,859
860,Rusty Belchamp,860,Casual Long Cardigan,4/8/2019,860
861,Ellswerth Seabourne,861,Basic V-Neck T-Shirt,9/29/2016,861
862,Mufi Lindblad,862,Collapsible Folding Chair,10/5/2013,862
863,Hilliary Dencs,863,Radish Chips,10/20/2014,863
864,Shelden Knappe,864,Reusable Produce Bags Set,2/3/2027,864
865,Pieter Heakins,865,Coconut Cashew Yogurt,1/18/2013,865
866,Heda Lineen,866,Compact Pop-Up Tent,11/20/2014,866
867,Chancey Darben,867,Sweet Potato Mash,2/2/2024,867
868,Brodie Buy,868,Kids' Learning Tablet,9/8/2022,868
869,Alexis Cremen,869,Wireless Gaming Mouse,6/16/2008,869
870,Sharleen Oertzen,870,Non-Toxic Crayons for Kids,11/25/2009,870
871,Cad Stolberger,871,Portable Hammock Swing,10/10/2017,871
872,Giraud Martinovic,872,Smartphone Tripod with Bluetooth Remote,2/19/2017,872
873,Lilia Aliman,873,Cushion Covers,8/6/2001,873
874,Joanie Heephy,874,Gardening Fairy Figurines,4/4/2008,874
875,Riva Gardiner,875,Comfort Flats,9/12/2029,875
876,Augustus MacKartan,876,Golf Polo Shirt,6/10/2012,876
877,Artemis Keefe,877,Electric Wax Warmer,6/27/2010,877
878,Ashla Bramford,878,Dog Collar,5/27/2000,878
879,Taffy MacDonogh,879,Hot Salsa,12/11/2003,879
880,Nichols McGraffin,880,Winter Insulated Jacket,12/20/2011,880
881,Abdul Bemwell,881,Adjustable Standing Desk,9/26/2014,881
882,Joete Banasevich,882,Smartphone Car Mount with Wireless Charging,5/16/2025,882
883,Emerson Crewe,883,Cocktail Shaker and Mixing Glass Set,3/24/2012,883
884,Quinn Lodge,884,Homestyle Chicken Noodle Soup,8/14/2004,884
885,Dorita Marlen,885,Stainless Steel Grater,1/2/2005,885
886,Tonya Wolters,886,Instant Mashed Potatoes,2/1/2022,886
887,Dur Gascard,887,Bluetooth Tracker,6/12/2002,887
888,Jules MacCallister,888,Comfy Slippers,7/8/2017,888
889,Baillie Rowena,889,Plant-Based Meal Prep Containers,1/2/2030,889
890,Tabbitha Redfield,890,Portable Water Filter,1/5/2023,890
891,Petronia Manuelli,891,Memory Foam Pillow,9/16/2017,891
892,Orv Downing,892,Classic Pumps,7/5/2004,892
893,Ban Ruger,893,Adjustable Stand for Tablets and Smartphones,1/27/2008,893
894,Dud Dumbell,894,Ergonomic Mouse Pad with Wrist Support,9/15/2021,894
895,Caz Digan,895,Cable Knit Cardigan,7/30/2013,895
896,Lanie Adshed,896,Blackberry Jam,1/8/2020,896
897,Riannon Folshom,897,Inspirational Wall Art,4/7/2007,897
898,Diannne Seymark,898,Fitness Resistance Bands Set,12/23/2026,898
899,Lillis Lacoste,899,Pet Waterer with Filtration,8/11/2019,899
900,Adair Blodgett,900,Portable Blender,7/28/2014,900
901,Maurizio Scoone,901,Cinnamon Sugar Popcorn,1/8/2004,901
902,Reginald Fairfull,902,Kids' Educational Tablet,12/10/2011,902
903,Letisha Fehner,903,Pineapple Coconut Yogurt,5/8/2030,903
904,Shayna Sattin,904,Safety First Aid Kit,11/27/2010,904
905,Nicky Syer,905,Two-Tier Fruit Basket,3/12/2000,905
906,Nike Andreoletti,906,Portable UV Sterilizer,2/2/2007,906
907,Patrice Code,907,Garlic Parmesan Wings,4/19/2005,907
908,Natka Boldock,908,Crispy Kale Chips,9/22/2015,908
909,Aurora Raitt,909,Indestructible Dog Toy,10/5/2017,909
910,Claudelle Reuble,910,Aeropress Coffee Maker,6/6/2008,910
911,Archambault Doogood,911,Savory Italian Herbs,9/20/2003,911
912,Shane Longmead,912,Mini Meatballs,8/13/2026,912
913,Gay Triplet,913,Balsamic Salad Dressing,9/19/2028,913
914,Leonelle Fourmy,914,Chocolate Chip Muffins,10/9/2016,914
915,Yardley Roakes,915,Spicy BBQ Sauce,7/20/2001,915
916,Rolph Tabbernor,916,Comfortable Jogger Pants,1/18/2029,916
917,Kati Lomaz,917,Coconut Milk Yogurt,3/23/2030,917
918,Minetta Wetherby,918,Adjustable Skipping Rope,3/1/2021,918
919,Jenny Mc Meekin,919,Active Racerback Tank,10/31/2015,919
920,Cornelius Kneal,920,Outdoor Folding Table,3/14/2000,920
921,Hollyanne Cariss,921,Savory Oatmeal Cups,8/30/2010,921
922,Nydia Korda,922,Plant-Based Meal Prep Containers,1/18/2008,922
923,Stuart Cordeau,923,Adjustable Kitchen Broom Stand,4/16/2026,923
924,Luke Lammin,924,Customizable Name Puzzle,10/20/2009,924
925,Lexine Whyke,925,Olive Oil,1/24/2030,925
926,Britta MacKniely,926,Himalayan Pink Salt,5/17/2026,926
927,Lucia Stiddard,927,Freestanding Wine Rack,8/22/2002,927
928,Aaren Derisly,928,Roasted Garlic Mashed Potatoes,8/3/2018,928
929,Anna Merit,929,Mixed Nuts,12/24/2014,929
930,Duke Escott,930,Coconut Yogurt,9/14/2016,930
931,Fiorenze McArthur,931,DIY Organic Gardening Kit,12/20/2016,931
932,Mallorie Chipman,932,Balsamic Glaze,4/22/2017,932
933,Julianne Zeale,933,Sliced Bell Peppers,6/2/2029,933
934,Martino Radford,934,Vacuum Sealer Machine,2/26/2024,934
935,Leeland Humbee,935,Creamy Garlic Mashed Potatoes,11/29/2025,935
936,Beverly Smullen,936,Baked Potato Chips,8/21/2006,936
937,Aube Laughton,937,Honey Sesame Chicken Mix,8/26/2026,937
938,Ailis Beddow,938,Pineapple Chunks (canned),12/6/2002,938
939,Graig Base,939,Glass Tea Pot,2/27/2005,939
940,Murial Scholig,940,Wireless Smart Plug,3/11/2015,940
941,Tamar Girtin,941,Chiffon Blouse,12/12/2018,941
942,Eran Hyett,942,Portable Solar Charger,3/11/2008,942
943,Malena Olivetti,943,Sweet Potatoes,5/13/2027,943
944,Cosetta Donohoe,944,Wireless Keyboard and Mouse Combo,2/17/2018,944
945,Stormy Kleine,945,Classic Caesar Salad Kit,4/12/2016,945
946,Burnard Grasser,946,Beef Chili,11/15/2027,946
947,Georgette Boggis,947,Oven-Baked Chicken Tenders,9/2/2030,947
948,Glenn Stollenwerck,948,Dog Training Whistle,12/18/2025,948
949,Currey Padfield,949,Sweet Potato Mash,5/16/2013,949
950,Zsazsa Wimms,950,Travel Mug with Leak-Proof Lid,8/19/2019,950
951,Benedetta Dicks,951,Wooden Toy Train Set,3/22/2019,951
952,Madelene Tilling,952,Greek Yogurt Parfait,11/26/2016,952
953,Veronika Euels,953,Weighted Jump Rope,12/6/2006,953
954,Ivar Atkinson,954,Ceramic Non-Stick Frying Pan,10/29/2001,954
955,Perry Roncelli,955,Wine Glasses,11/13/2027,955
956,Cara Dilloway,956,Fresh Basil,9/19/2003,956
957,Ola Tampling,957,Graphic Hoodie,3/8/2011,957
958,Candace Verralls,958,Adjustable Window Blind,8/10/2005,958
959,Kelly Livings,959,Frozen Cauliflower Rice,10/3/2026,959
960,Joanne Morris,960,Ultra-Thin Laptop Sleeve,10/23/2001,960
961,Coreen Salling,961,Electric Kettle with Temperature Control,3/17/2008,961
962,Francklin Gresly,962,Cotton Basic Tank,10/23/2012,962
963,Susie Rasor,963,Insulated Lunch Bag,10/22/2018,963
964,Tulley Pithcock,964,Mushrooms,12/18/2027,964
965,Prue Prestedge,965,Honey Mustard Pretzel Bites,3/27/2004,965
966,Constantine Canadas,966,Classic Baseball Cap,8/12/2004,966
967,Hynda Duinbleton,967,Pet Carrier Backpack,4/8/2019,967
968,Carlita Serman,968,Cucumber Relish,11/16/2011,968
969,Krissy Cowan,969,Set of Measuring Spoons,3/16/2009,969
970,Lotti Deason,970,Peanut Butter Banana Smoothie,11/9/2006,970
971,Darcee Langcaster,971,Graphic Hoodie,2/5/2009,971
972,Brit Howgill,972,Sour Cream,1/18/2029,972
973,Hoyt Ackermann,973,Smart WiFi Plug,6/26/2019,973
974,Benedict Championnet,974,Vegan Cheese,4/8/2016,974
975,Kitty Wilshaw,975,Portable Charcoal Grill,10/9/2007,975
976,Rogers Geratasch,976,Sweet Chili Thai Sauce,12/17/2024,976
977,Carlota Sagg,977,Apple Cinnamon Oatmeal,4/25/2020,977
978,Stanislaw Phebee,978,Induction Cooktop,3/19/2002,978
979,Vivi Rainsden,979,Chili Powder,12/13/2013,979
980,Ariadne McNirlan,980,Sriracha Honey Glaze,2/7/2019,980
981,Benedick Gable,981,Beard Grooming Kit,8/10/2019,981
982,Modesty Daspar,982,Tuna Fish (canned),5/23/2011,982
983,Kirby Brouwer,983,Adjustable Laptop Stand,12/27/2022,983
984,Alvy Grishaev,984,Dog Training Clicker,5/28/2008,984
985,Jennie Bolan,985,Wooden Blocks,1/18/2014,985
986,Bil Rutherforth,986,Classic White T-Shirt,8/21/2016,986
987,Henry Baber,987,Paint By Numbers Kit,3/27/2028,987
988,Morry Brendeke,988,Knitted Infinity Scarf,9/9/2001,988
989,Quintilla Birkhead,989,Pet Grooming Kit,2/28/2030,989
990,Chaunce Orgel,990,Non-Toxic Concrete Sealer,11/1/2008,990
991,Allegra Armor,991,Chewy Granola Bars,10/23/2013,991
992,Marlie Mowling,992,Coconut Bowls Set,12/22/2026,992
993,Thedric O'Crotty,993,Caramel Apple Chips,4/25/2024,993
994,Durante O'Lenechan,994,Kettle BBQ Grill,9/10/2017,994
995,Terrill Bhar,995,Mesh Sports Leggings,8/5/2030,995
996,Jobina Finlan,996,Portable Solar Charger,9/9/2005,996
997,Gilburt Boldra,997,Herbal Tea Variety Pack,6/15/2027,997
998,Elyssa Fritschel,998,Wireless Security Camera,2/16/2002,998
999,Rea Cochran,999,Mini Cordless Vacuum Cleaner,5/12/2023,999
1000,Vale Tomney,1000,Almond Butter Granola Bars,7/25/2026,1000
