id,name,age,phone number,email
1,Windham Morriss,75,943-716-4152,wmorriss0@huffingtonpost.com
2,Abigale Coathup,49,963-826-3344,acoathup1@csmonitor.com
3,Marne Gryglewski,59,501-254-8972,mgryglewski2@sbwire.com
4,Noellyn Alfonzo,41,802-354-0546,nalfonzo3@buzzfeed.com
5,Ashlie Morley,68,635-741-6910,amorley4@joomla.org
6,Terese Jesper,68,126-551-7843,tjesper5@hugedomains.com
7,Prue deKnevet,94,333-540-2311,pdeknevet6@sina.com.cn
8,Natty Prose,99,328-346-0077,nprose7@flavors.me
9,Guillaume Byres,22,409-836-9492,gbyres8@macromedia.com
10,Ambros Joder,21,358-420-6922,ajoder9@about.com
11,Gilbert Jankovic,78,992-994-1145,gjankovica@prnewswire.com
12,Dulcia Hemms,66,700-254-4451,dhemmsb@php.net
13,Dillie Riggott,88,697-733-4841,driggottc@nationalgeographic.com
14,Jillayne Grisewood,74,760-544-4510,jgrisewoodd@tiny.cc
15,Des Klosser,49,426-433-5460,dklossere@businesswire.com
16,Egbert Blaiklock,31,291-234-2640,eblaiklockf@gov.uk
17,Fawnia Cardoso,18,560-113-2989,fcardosog@furl.net
18,Dode Pigrome,30,563-399-6087,dpigromeh@photobucket.com
19,Farleigh Vassel,27,320-876-9947,fvasseli@fotki.com
20,Fairleigh Du Fray,98,262-845-7145,fduj@wikipedia.org
21,Orton Littleproud,32,630-563-2749,olittleproudk@diigo.com
22,Anders Buckston,46,122-743-8913,abuckstonl@huffingtonpost.com
23,Ulrich McGrale,34,233-312-6638,umcgralem@list-manage.com
24,Kaspar Yuryev,97,525-902-3328,kyuryevn@disqus.com
25,Rees Fathers,82,915-476-2839,rfatherso@uol.com.br
26,Dicky Leggs,31,747-566-0958,dleggsp@wufoo.com
27,Guinevere Kinastan,38,466-367-5812,gkinastanq@cbslocal.com
28,Kerry Middiff,80,951-458-0441,kmiddiffr@weibo.com
29,Davon Loweth,80,707-872-0156,dloweths@craigslist.org
30,Clevie Kislingbury,29,205-929-3198,ckislingburyt@shutterfly.com
31,Gwenette Breckon,32,144-429-9089,gbreckonu@usa.gov
32,Fidelia Wippermann,45,428-425-5348,fwippermannv@1688.com
33,Darren Schulkins,64,592-155-6989,dschulkinsw@wisc.edu
34,Oralla Pearce,57,820-523-8056,opearcex@1und1.de
35,Kizzee Pimley,47,730-134-0063,kpimleyy@arizona.edu
36,Judye Cotter,78,526-962-7144,jcotterz@scientificamerican.com
37,Lucias Squibbes,43,295-216-5108,lsquibbes10@goo.gl
38,Allin Brodley,47,540-620-5397,abrodley11@apache.org
39,Giustina Pilch,53,282-466-0049,gpilch12@wp.com
40,Marcille Killock,35,252-432-3330,mkillock13@samsung.com
41,Roxane Rooms,64,849-984-6203,rrooms14@oaic.gov.au
42,Jacinthe Doornbos,32,743-963-3312,jdoornbos15@amazon.co.jp
43,Rik Huson,81,574-505-0957,rhuson16@seattletimes.com
44,Grete Mulleary,40,494-153-4878,gmulleary17@yale.edu
45,Genovera Dawney,71,836-198-8156,gdawney18@nba.com
46,Jelene Samms,23,371-831-3637,jsamms19@exblog.jp
47,Torie Brabbins,21,926-415-6038,tbrabbins1a@eventbrite.com
48,Delmer Croshaw,25,712-766-6565,dcroshaw1b@dot.gov
49,Jerrold Dampney,58,137-211-1362,jdampney1c@statcounter.com
50,Gisela Mettetal,29,862-780-8889,gmettetal1d@themeforest.net
51,Nadeen MacCaughey,85,273-536-5812,nmaccaughey1e@weebly.com
52,Trix Maryman,69,862-617-6319,tmaryman1f@netscape.com
53,Olympie Drees,40,453-427-3509,odrees1g@furl.net
54,Araldo Lilburn,83,270-382-1312,alilburn1h@godaddy.com
55,Charlot Elmer,47,932-889-2123,celmer1i@sun.com
56,Siegfried Linacre,82,644-872-4033,slinacre1j@google.nl
57,Esma Ruse,52,434-177-1483,eruse1k@nasa.gov
58,Brock Grayling,46,320-959-8571,bgrayling1l@nsw.gov.au
59,Annice Beevens,82,272-543-9071,abeevens1m@apache.org
60,Kristy Cranstoun,29,721-817-5234,kcranstoun1n@flavors.me
61,Claudius Farrar,50,264-155-6520,cfarrar1o@guardian.co.uk
62,Basilius Shackleford,54,577-318-8426,bshackleford1p@cornell.edu
63,Geralda Attenbrough,80,951-464-6222,gattenbrough1q@slashdot.org
64,Pia Beveredge,26,734-879-7414,pbeveredge1r@umn.edu
65,Lindsey Colliver,34,485-629-4540,lcolliver1s@theglobeandmail.com
66,Jandy Ipgrave,98,214-512-7212,jipgrave1t@youtu.be
67,Darbee Bothen,46,407-828-2047,dbothen1u@icio.us
68,Bridget Bockman,74,870-962-8076,bbockman1v@wsj.com
69,Melvin Onele,22,861-624-5016,monele1w@ow.ly
70,Geoff Foli,48,269-989-9013,gfoli1x@miitbeian.gov.cn
71,Gayle Almack,54,195-532-9780,galmack1y@dropbox.com
72,Sadella McLay,89,616-174-4987,smclay1z@va.gov
73,Bradney Gilloran,63,164-403-0081,bgilloran20@canalblog.com
74,Dyann Pinckney,33,760-356-8654,dpinckney21@wired.com
75,Clementina Agar,74,982-512-8494,cagar22@blogger.com
76,Shellysheldon Lecordier,70,150-391-0760,slecordier23@microsoft.com
77,Blanca Onge,93,458-811-4030,bonge24@dailymail.co.uk
78,Rheta Pavlishchev,65,567-538-4810,rpavlishchev25@cnbc.com
79,Genevieve Burdytt,27,243-822-4252,gburdytt26@blinklist.com
80,Etan Raden,40,910-170-5890,eraden27@ask.com
81,Gerrard Cready,29,549-798-6095,gcready28@sina.com.cn
82,Lamont Cundict,28,275-673-9094,lcundict29@parallels.com
83,Aguistin Kobieriecki,22,373-649-6020,akobieriecki2a@feedburner.com
84,Orion Fellgett,94,342-463-9040,ofellgett2b@lulu.com
85,Fee Gittens,27,494-246-9359,fgittens2c@ucsd.edu
86,Charil Roussell,62,623-928-3337,croussell2d@cnbc.com
87,Robinson Jameson,38,457-468-8006,rjameson2e@msn.com
88,Quintin Kubiak,99,562-572-0839,qkubiak2f@dmoz.org
89,Dal Lutton,99,690-310-1286,dlutton2g@deliciousdays.com
90,Hodge Polotti,33,555-779-8922,hpolotti2h@google.co.uk
91,Phillipp Nulty,30,511-294-4410,pnulty2i@salon.com
92,Rica Gergely,47,379-679-8881,rgergely2j@epa.gov
93,Antony Cheese,37,430-962-4677,acheese2k@boston.com
94,Murial Hebburn,40,289-222-8845,mhebburn2l@ft.com
95,Mikol Galway,70,777-203-1162,mgalway2m@pcworld.com
96,Paulo Breit,79,243-567-8114,pbreit2n@wufoo.com
97,Mathias D'Arrigo,97,150-763-9862,mdarrigo2o@google.ca
98,Thatch Drinkale,62,113-680-0888,tdrinkale2p@dagondesign.com
99,Analiese Watton,54,589-236-2997,awatton2q@yellowpages.com
100,Demetri Chestney,58,327-289-6579,dchestney2r@quantcast.com
101,Esra Gligori,91,497-184-0307,egligori2s@wordpress.org
102,Harmony Youde,31,886-550-9563,hyoude2t@bing.com
103,Evey Bowler,64,186-841-5204,ebowler2u@livejournal.com
104,Charissa Filippone,64,333-290-3540,cfilippone2v@constantcontact.com
105,Scarface Filimore,95,129-639-5641,sfilimore2w@cpanel.net
106,Koren Waterhouse,68,983-741-2999,kwaterhouse2x@un.org
107,Irvin Darragon,73,857-836-9208,idarragon2y@unesco.org
108,Rurik Congreave,55,790-806-4665,rcongreave2z@marriott.com
109,Candide Cairns,64,376-172-9729,ccairns30@vistaprint.com
110,Bobbie Ebden,25,267-844-6972,bebden31@4shared.com
111,Tymothy O'Halloran,28,265-823-1844,tohalloran32@ycombinator.com
112,Abba Bottinelli,54,367-484-3884,abottinelli33@google.it
113,Roxy Passey,54,481-555-0118,rpassey34@issuu.com
114,Bessie Acuna,29,613-252-4229,bacuna35@meetup.com
115,Korrie Anderton,88,797-105-5405,kanderton36@dion.ne.jp
116,Eadie Takle,49,681-435-3439,etakle37@istockphoto.com
117,Olive Boycott,85,931-344-7240,oboycott38@paginegialle.it
118,Jill Antonignetti,38,179-641-0470,jantonignetti39@oaic.gov.au
119,Audra Sandison,83,759-349-8167,asandison3a@state.tx.us
120,Arden Boyda,30,294-885-6565,aboyda3b@telegraph.co.uk
121,Silas Naulls,43,328-677-8358,snaulls3c@webeden.co.uk
122,Timothea Medford,89,768-416-6818,tmedford3d@infoseek.co.jp
123,Roscoe Billin,35,489-239-0824,rbillin3e@mapy.cz
124,Tana Oty,24,564-297-0586,toty3f@newsvine.com
125,Kristal Elsbury,18,554-115-8370,kelsbury3g@opera.com
126,Buddy Lorain,33,545-343-8603,blorain3h@state.gov
127,Ellsworth Spurrett,52,398-248-8863,espurrett3i@japanpost.jp
128,Tabor Audley,75,107-653-7091,taudley3j@ftc.gov
129,Hurlee Exrol,91,460-303-0694,hexrol3k@printfriendly.com
130,Bartholomew Fould,63,255-922-5500,bfould3l@chron.com
131,Vassili Llywarch,96,544-926-9899,vllywarch3m@reference.com
132,Dinah Brownjohn,64,930-124-9827,dbrownjohn3n@blogtalkradio.com
133,Teddy Aughtie,91,181-959-7094,taughtie3o@msu.edu
134,Linnet Cyson,68,203-443-4648,lcyson3p@paypal.com
135,Rhona McEvilly,58,688-210-7308,rmcevilly3q@aboutads.info
136,Jayne Genge,96,473-536-0100,jgenge3r@nih.gov
137,Rockey Camel,77,349-546-4236,rcamel3s@tinypic.com
138,Von Crook,25,874-779-8056,vcrook3t@smh.com.au
139,Jewelle Shute,85,504-513-3463,jshute3u@independent.co.uk
140,Leupold Benge,85,916-761-2800,lbenge3v@pagesperso-orange.fr
141,Binni Fronek,43,207-844-1863,bfronek3w@360.cn
142,Alena Armell,72,858-375-4594,aarmell3x@theatlantic.com
143,Colette Berthome,94,959-731-9944,cberthome3y@w3.org
144,Darlleen Kinworthy,44,308-467-1342,dkinworthy3z@chronoengine.com
145,Marcie Pilfold,55,196-418-8364,mpilfold40@creativecommons.org
146,Dominique Hentzeler,81,788-420-5433,dhentzeler41@umich.edu
147,Nichole Langtry,95,136-300-4031,nlangtry42@360.cn
148,Kyla Morphey,64,187-437-6482,kmorphey43@wiley.com
149,Jeremie Pyer,42,284-354-9160,jpyer44@desdev.cn
150,Carling Camis,94,674-820-6360,ccamis45@i2i.jp
151,Krisha Rankmore,50,233-605-6121,krankmore46@parallels.com
152,Aila Vanstone,67,400-239-2112,avanstone47@skype.com
153,Caro Keslake,98,470-460-6434,ckeslake48@dropbox.com
154,Clarice Patridge,45,856-289-3427,cpatridge49@census.gov
155,Clarey Elphey,52,653-450-5037,celphey4a@ihg.com
156,Darin Danet,51,592-768-4295,ddanet4b@myspace.com
157,Aigneis Dawkins,58,215-763-5328,adawkins4c@is.gd
158,Roanna Spataro,72,844-301-5662,rspataro4d@t.co
159,Benjie Tombleson,55,159-130-4100,btombleson4e@devhub.com
160,Owen Stickland,38,820-745-2698,ostickland4f@dedecms.com
161,Ollie Huriche,96,468-952-9050,ohuriche4g@tripod.com
162,Bibbye Glanville,99,725-123-1698,bglanville4h@google.de
163,Kelsey Seiler,41,976-135-1540,kseiler4i@yellowbook.com
164,Reyna Bussel,97,599-664-5788,rbussel4j@wufoo.com
165,Giles Packer,66,218-623-4187,gpacker4k@last.fm
166,Annemarie Gallardo,82,659-869-2018,agallardo4l@home.pl
167,Armstrong Reeme,86,586-609-2332,areeme4m@goo.gl
168,Juliette Favel,80,635-654-6845,jfavel4n@seesaa.net
169,Trisha Olliffe,40,327-535-8696,tolliffe4o@networksolutions.com
170,Nissie Doxsey,36,193-129-8291,ndoxsey4p@amazonaws.com
171,Kettie Cousen,81,504-610-4059,kcousen4q@springer.com
172,Arny Kingsnod,56,349-311-6669,akingsnod4r@usa.gov
173,Giovanna Baukham,72,507-709-4090,gbaukham4s@ucoz.ru
174,Lucia Kubik,79,997-842-8519,lkubik4t@hhs.gov
175,Prudi Trase,25,837-530-6997,ptrase4u@comcast.net
176,Silvester Tanzer,58,438-190-3447,stanzer4v@alibaba.com
177,Petey Donat,27,762-984-2842,pdonat4w@yellowpages.com
178,Cherry Kordova,85,513-841-5828,ckordova4x@globo.com
179,Willabella William,45,214-824-2966,wwilliam4y@un.org
180,Rena Harverson,85,241-914-8268,rharverson4z@walmart.com
181,Jenny Heighton,90,707-803-0466,jheighton50@4shared.com
182,Emlyn Tassaker,85,688-968-1145,etassaker51@homestead.com
183,Toinette Fisbey,89,272-871-5324,tfisbey52@addthis.com
184,Kiri Shearme,78,902-746-6492,kshearme53@epa.gov
185,Igor Kitman,68,622-148-7966,ikitman54@t-online.de
186,Gasper Pullan,62,908-500-4956,gpullan55@nyu.edu
187,Theresa Slewcock,44,667-156-2424,tslewcock56@mozilla.org
188,Gussie MacChaell,71,114-388-8985,gmacchaell57@sohu.com
189,Georgeanna Pauleau,30,926-246-2027,gpauleau58@alibaba.com
190,Felix Caren,25,378-261-1536,fcaren59@hud.gov
191,Nicki Pfeffer,40,709-128-2198,npfeffer5a@slashdot.org
192,Adelaida Sahnow,53,271-374-7194,asahnow5b@w3.org
193,Fedora Rucklidge,20,855-750-7205,frucklidge5c@simplemachines.org
194,Brigit Kerr,80,952-800-7883,bkerr5d@ebay.com
195,Opal Amthor,65,813-766-1917,oamthor5e@php.net
196,Zandra Clemot,97,273-268-9794,zclemot5f@rakuten.co.jp
197,Duffy Rudgard,30,374-174-3702,drudgard5g@miibeian.gov.cn
198,Barby De Gregario,78,366-166-5843,bde5h@shinystat.com
199,Stephenie Giottini,79,395-289-3058,sgiottini5i@typepad.com
200,Abbot Mizen,74,377-426-5571,amizen5j@chron.com
201,Ban Davsley,93,814-433-3302,bdavsley5k@samsung.com
202,Meagan McClinton,73,929-928-2853,mmcclinton5l@hp.com
203,Corabel Tschirschky,71,813-412-9997,ctschirschky5m@domainmarket.com
204,Felizio Serck,89,701-775-3880,fserck5n@reddit.com
205,Kordula Cowan,80,913-443-7142,kcowan5o@twitpic.com
206,Darsey O'Hannen,46,973-156-5398,dohannen5p@weibo.com
207,Nessie Eastmead,96,836-180-3534,neastmead5q@amazon.co.uk
208,Cara Zoppie,79,512-619-3192,czoppie5r@intel.com
209,Essy Kosiada,29,960-110-6082,ekosiada5s@issuu.com
210,Patrizia Runchman,76,814-266-6196,prunchman5t@infoseek.co.jp
211,Quent Banane,74,972-195-2639,qbanane5u@patch.com
212,Gaultiero Murfill,35,434-127-8066,gmurfill5v@shutterfly.com
213,Morry Luscombe,27,806-388-9964,mluscombe5w@cloudflare.com
214,Hester Thulborn,99,646-886-4364,hthulborn5x@usnews.com
215,Mariska Kobierzycki,48,987-372-5475,mkobierzycki5y@ucoz.ru
216,Abran Muncey,81,932-394-8506,amuncey5z@sphinn.com
217,Talya Belsey,97,323-329-4014,tbelsey60@google.ru
218,Laurette Oxx,92,267-694-1716,loxx61@cbslocal.com
219,Man Cruse,63,166-752-8070,mcruse62@tumblr.com
220,Park Ninotti,94,757-527-9594,pninotti63@spiegel.de
221,Erv Mcsarry,69,539-450-9324,emcsarry64@google.es
222,Micheil McCormack,90,566-846-6523,mmccormack65@domainmarket.com
223,Shani Gresty,84,572-720-0284,sgresty66@vimeo.com
224,Misty Itscovitz,47,857-844-6324,mitscovitz67@miitbeian.gov.cn
225,Renate Matteoli,20,265-342-5223,rmatteoli68@godaddy.com
226,Hillard Preece,53,249-709-8974,hpreece69@theatlantic.com
227,Nikos Brockherst,80,343-451-3565,nbrockherst6a@pbs.org
228,Celine Momery,39,194-320-9672,cmomery6b@delicious.com
229,Audie Matz,57,859-885-5883,amatz6c@i2i.jp
230,Gerik Hrishanok,51,631-471-6356,ghrishanok6d@bbb.org
231,Haley Cullagh,73,758-581-2097,hcullagh6e@bravesites.com
232,Harald Cattrall,37,313-374-2899,hcattrall6f@typepad.com
233,Lindie Taysbil,99,456-613-8890,ltaysbil6g@bbc.co.uk
234,Wyatan Wolpert,60,323-644-1870,wwolpert6h@columbia.edu
235,Catharina Salkild,18,212-231-6791,csalkild6i@yellowbook.com
236,Corly Dandison,27,810-973-5294,cdandison6j@com.com
237,Evered Brownjohn,58,713-262-0031,ebrownjohn6k@youtu.be
238,Davin Surgison,23,433-468-6320,dsurgison6l@list-manage.com
239,Tabina Benjafield,44,611-931-3058,tbenjafield6m@pen.io
240,Alexandros Blakeley,31,958-784-2401,ablakeley6n@gizmodo.com
241,Cathrine Valentine,71,256-875-3583,cvalentine6o@alibaba.com
242,Wilfred Hendonson,83,330-813-8168,whendonson6p@fema.gov
243,Jeffy Splevings,73,190-736-3436,jsplevings6q@princeton.edu
244,Niccolo Widdowfield,97,767-493-7636,nwiddowfield6r@army.mil
245,Ina Brownscombe,40,197-471-2591,ibrownscombe6s@mediafire.com
246,Susette Heibl,40,115-535-6826,sheibl6t@creativecommons.org
247,Burgess Boffin,54,868-687-6899,bboffin6u@mtv.com
248,Barthel Dulton,43,413-338-6789,bdulton6v@xinhuanet.com
249,Don Percifer,71,529-421-5433,dpercifer6w@adobe.com
250,Elias Tyer,95,670-652-1426,etyer6x@facebook.com
251,Donnajean Iamittii,95,751-924-7999,diamittii6y@census.gov
252,Krystle McCabe,79,333-332-0513,kmccabe6z@amazon.com
253,Katerine Kleinplatz,88,889-792-8275,kkleinplatz70@theatlantic.com
254,Jayme Edwardes,54,169-196-1751,jedwardes71@loc.gov
255,Nicolais Eakins,55,707-240-0928,neakins72@wufoo.com
256,Chastity Heater,86,863-454-7460,cheater73@eepurl.com
257,Ronnie Blodg,89,775-740-8716,rblodg74@boston.com
258,Jere Physick,58,346-375-0296,jphysick75@examiner.com
259,Florrie Franz-Schoninger,43,997-187-2525,ffranzschoninger76@admin.ch
260,Lusa Chawner,50,325-815-9652,lchawner77@barnesandnoble.com
261,Rozanne Bruhn,85,627-800-8483,rbruhn78@patch.com
262,Isabella Mapplebeck,68,300-340-3936,imapplebeck79@hud.gov
263,Cammy Albertson,63,734-377-8227,calbertson7a@ow.ly
264,Christine Donkersley,95,383-252-3251,cdonkersley7b@paypal.com
265,Barr McLagain,47,991-291-9073,bmclagain7c@newsvine.com
266,Ingram Dickins,95,652-735-8946,idickins7d@npr.org
267,Kelcy Littler,64,134-994-9212,klittler7e@businessweek.com
268,Lauren Atton,87,119-752-8450,latton7f@marketwatch.com
269,Emmott Abramow,38,142-675-8784,eabramow7g@shop-pro.jp
270,Yolanthe Laker,69,159-884-5668,ylaker7h@china.com.cn
271,Faydra Hancox,83,989-647-8968,fhancox7i@prlog.org
272,Allene Milsom,39,613-294-7101,amilsom7j@boston.com
273,Jaquith Neising,68,284-612-5873,jneising7k@flavors.me
274,Tedra Poulett,66,650-721-0762,tpoulett7l@dailymail.co.uk
275,Yard Hufton,48,877-848-1493,yhufton7m@irs.gov
276,Tadeas Rye,38,836-200-6319,trye7n@themeforest.net
277,Nadiya Antrack,72,332-350-3583,nantrack7o@bandcamp.com
278,Wesley Joist,22,250-856-6987,wjoist7p@cnn.com
279,Allin Gutierrez,86,702-411-4994,agutierrez7q@yale.edu
280,Doris McRoberts,35,809-260-6589,dmcroberts7r@indiegogo.com
281,Onfre Belderson,60,795-804-4868,obelderson7s@ted.com
282,Barrie Williams,59,689-714-3202,bwilliams7t@merriam-webster.com
283,Leese Cotilard,53,580-585-3920,lcotilard7u@joomla.org
284,Raoul Morecombe,61,462-365-2718,rmorecombe7v@time.com
285,Laurel Hardie,65,619-397-6078,lhardie7w@hc360.com
286,Myrtle Lowde,97,118-114-6255,mlowde7x@google.com.br
287,Cissiee Robillart,47,330-883-6731,crobillart7y@blogs.com
288,Sigfrid Slyme,21,761-585-7347,sslyme7z@drupal.org
289,Lena Heighway,90,420-768-1896,lheighway80@pcworld.com
290,Chester Tott,64,142-663-4760,ctott81@fc2.com
291,Ethelda Mussotti,41,255-725-9362,emussotti82@stumbleupon.com
292,Joan Sillars,78,894-652-4802,jsillars83@exblog.jp
293,Bink Emmens,76,371-932-6981,bemmens84@mail.ru
294,Elset Dewicke,37,861-130-9348,edewicke85@reverbnation.com
295,Leslie Yakhin,71,946-666-5341,lyakhin86@google.co.jp
296,Kaiser Munson,18,714-133-5863,kmunson87@google.ru
297,Alayne Fealy,66,114-848-6515,afealy88@paginegialle.it
298,Evered McInnerny,72,609-343-5633,emcinnerny89@lulu.com
299,Leland Pepler,49,168-734-0907,lpepler8a@microsoft.com
300,Antonino Connock,98,646-705-5574,aconnock8b@php.net
301,Anna-maria Coulthart,86,252-212-6511,acoulthart8c@engadget.com
302,Florence Ormiston,99,724-415-0149,formiston8d@spotify.com
303,Leela Lilion,65,184-789-7097,llilion8e@usatoday.com
304,Dalli Tillot,94,575-834-9468,dtillot8f@buzzfeed.com
305,Marabel Timberlake,70,556-866-8780,mtimberlake8g@berkeley.edu
306,Calli Honisch,51,966-686-5251,chonisch8h@dropbox.com
307,Cherri Robottham,64,195-136-9254,crobottham8i@drupal.org
308,Dorey Mumbray,26,175-841-7066,dmumbray8j@aol.com
309,Wayland Benditt,84,795-455-5475,wbenditt8k@thetimes.co.uk
310,Inesita Otham,73,909-627-4114,iotham8l@gnu.org
311,Joleen Petrol,45,383-496-4064,jpetrol8m@networksolutions.com
312,Sharline Mouser,91,395-562-0690,smouser8n@mail.ru
313,Ben Wagenen,31,517-347-3674,bwagenen8o@bbc.co.uk
314,Tiebout Ivanitsa,80,131-619-9661,tivanitsa8p@nba.com
315,Haslett Bennetts,44,582-165-1063,hbennetts8q@exblog.jp
316,Brittney Bretherick,39,397-377-3406,bbretherick8r@i2i.jp
317,Mildred Bennie,66,452-901-5578,mbennie8s@oakley.com
318,Marylin Brash,94,506-793-9444,mbrash8t@wordpress.org
319,Tomas Paradise,63,949-561-8973,tparadise8u@google.co.uk
320,Herbie Gravey,54,186-681-1769,hgravey8v@stumbleupon.com
321,Vincenty Randle,31,118-970-1262,vrandle8w@who.int
322,Egon Doolan,28,124-858-8494,edoolan8x@dyndns.org
323,Dalston Hirth,44,415-948-4832,dhirth8y@bizjournals.com
324,Conney Yellop,19,748-323-7504,cyellop8z@google.co.uk
325,Kermie Espinola,90,257-211-2839,kespinola90@cbc.ca
326,Malva Batey,70,883-989-7421,mbatey91@wikia.com
327,Karlen Mechan,49,393-741-4904,kmechan92@lycos.com
328,James Wilfinger,30,700-243-1889,jwilfinger93@wsj.com
329,Robb Polendine,35,304-112-6454,rpolendine94@harvard.edu
330,Korie Spondley,30,348-494-2449,kspondley95@cisco.com
331,Guillaume Rappa,43,597-519-1902,grappa96@gov.uk
332,Maryellen MacCallam,72,115-479-2404,mmaccallam97@patch.com
333,Idell Cunnah,75,502-860-0285,icunnah98@purevolume.com
334,Christan Simonite,29,949-725-4103,csimonite99@dailymail.co.uk
335,Rorie Strothers,41,583-368-5132,rstrothers9a@wikimedia.org
336,Mariejeanne Barrowcliff,88,302-290-8089,mbarrowcliff9b@webeden.co.uk
337,Trixy Seagood,19,306-243-7883,tseagood9c@cmu.edu
338,Izzy Kneafsey,57,536-153-0609,ikneafsey9d@wordpress.com
339,Bonnie Carroll,83,287-327-0760,bcarroll9e@ehow.com
340,Ingemar MacTavish,66,422-402-5366,imactavish9f@dedecms.com
341,Michel Whitsey,19,496-338-8032,mwhitsey9g@delicious.com
342,Desiri Cullivan,20,828-241-7862,dcullivan9h@hp.com
343,Simmonds Farnan,98,624-699-8051,sfarnan9i@ted.com
344,Vernen Colson,67,440-871-4909,vcolson9j@wp.com
345,Joyous Monks,51,948-970-1708,jmonks9k@domainmarket.com
346,Jaymie Bricklebank,21,700-943-0229,jbricklebank9l@buzzfeed.com
347,Dale Evesque,87,105-816-8079,devesque9m@tumblr.com
348,Maitilde Slatcher,73,387-559-8433,mslatcher9n@oaic.gov.au
349,Sharlene Leppington,84,663-320-5594,sleppington9o@nature.com
350,Eunice Reuss,88,353-837-4967,ereuss9p@prweb.com
351,Zarla Cullabine,32,385-876-9392,zcullabine9q@prweb.com
352,Frasquito Duthie,78,388-505-6143,fduthie9r@hp.com
353,Benedick Loughrey,64,874-885-8464,bloughrey9s@pinterest.com
354,Conrad Duferie,25,646-984-3689,cduferie9t@netvibes.com
355,Torry Magee,59,915-440-8332,tmagee9u@wiley.com
356,Parnell Keinrat,25,682-539-5190,pkeinrat9v@cocolog-nifty.com
357,Merci Saxon,46,212-196-3816,msaxon9w@merriam-webster.com
358,Carolina Canelas,48,218-458-5243,ccanelas9x@nytimes.com
359,Emmott Abrahmer,25,447-460-6775,eabrahmer9y@arstechnica.com
360,Velvet Barks,53,229-996-1658,vbarks9z@java.com
361,Maria Van der Hoeven,48,568-358-4711,mvana0@examiner.com
362,Oralee Sainer,97,511-389-9185,osainera1@gov.uk
363,Mikel Alves,24,681-169-2518,malvesa2@uiuc.edu
364,Meredeth McEvon,25,890-863-0724,mmcevona3@hostgator.com
365,Mignon Zincke,18,883-917-8107,mzinckea4@cbslocal.com
366,Sollie Scotchmer,83,607-539-8037,sscotchmera5@com.com
367,Casey Monelli,52,291-851-5188,cmonellia6@auda.org.au
368,Shellysheldon Maud,88,379-139-1857,smauda7@loc.gov
369,Addy Olenchikov,30,885-235-9288,aolenchikova8@thetimes.co.uk
370,Aubrette Mustard,28,768-806-7634,amustarda9@slate.com
371,Stefanie Edis,24,944-787-3242,sedisaa@pinterest.com
372,Lani Volage,30,387-395-7983,lvolageab@digg.com
373,Camile Cobbled,77,431-194-6917,ccobbledac@arstechnica.com
374,Barnaby Cayette,53,946-691-4228,bcayettead@qq.com
375,Kory Rittelmeyer,41,566-507-5892,krittelmeyerae@netscape.com
376,Parsifal Rulten,30,201-831-2104,prultenaf@usda.gov
377,Darin Bru,68,988-536-0641,dbruag@nydailynews.com
378,Brandi Atcock,46,278-968-6331,batcockah@unc.edu
379,Jessika Philpot,46,327-323-0402,jphilpotai@hatena.ne.jp
380,June Wilbud,30,665-193-8270,jwilbudaj@zdnet.com
381,Roseline Dybald,84,902-470-5511,rdybaldak@reference.com
382,Catarina Valentin,96,216-701-1703,cvalentinal@miitbeian.gov.cn
383,Phil Leteurtre,37,400-230-2188,pleteurtream@51.la
384,Georgeta Stirzaker,27,271-597-2398,gstirzakeran@google.co.jp
385,Cesare Dupey,38,899-948-5958,cdupeyao@wp.com
386,Joletta Roomes,92,449-497-8873,jroomesap@fc2.com
387,Petronia Gantzman,46,682-634-3846,pgantzmanaq@boston.com
388,Janaya Balf,53,593-421-4780,jbalfar@desdev.cn
389,Phaidra Hallet,81,624-847-3337,phalletas@wix.com
390,Basil Attryde,35,950-601-2482,battrydeat@deviantart.com
391,Burnard Enderle,46,913-698-6824,benderleau@vistaprint.com
392,Edlin Grassick,28,450-236-9568,egrassickav@guardian.co.uk
393,Cortie Fearnside,46,991-848-8551,cfearnsideaw@altervista.org
394,Arri Dudding,23,676-902-6377,aduddingax@desdev.cn
395,Brooks Hanbury,28,175-456-7850,bhanburyay@opensource.org
396,Freddi Dragonette,39,835-697-3241,fdragonetteaz@opera.com
397,Thain Whymark,74,802-998-8154,twhymarkb0@toplist.cz
398,Cosette Vice,47,415-110-2927,cviceb1@cbslocal.com
399,Lisbeth Juszczyk,29,560-110-6108,ljuszczykb2@apple.com
400,Skyler Birckmann,42,218-236-2000,sbirckmannb3@mlb.com
401,Lyndsie Creenan,61,558-728-4048,lcreenanb4@typepad.com
402,Ryan Petroff,73,214-869-9013,rpetroffb5@samsung.com
403,Bernelle Eggleson,33,879-969-3289,begglesonb6@shareasale.com
404,Tatiania Duckinfield,33,572-889-9758,tduckinfieldb7@cmu.edu
405,Nollie MacBarron,38,428-196-2673,nmacbarronb8@bluehost.com
406,Eadie D'Alesco,52,312-423-2146,edalescob9@1und1.de
407,Blayne Malcolm,84,916-712-4117,bmalcolmba@hexun.com
408,Benny Stollenbecker,47,738-239-2467,bstollenbeckerbb@wikispaces.com
409,Aloysius Coal,30,229-558-0625,acoalbc@usda.gov
410,Corri Beynon,34,511-625-4530,cbeynonbd@multiply.com
411,Joseph Udell,53,202-555-3293,judellbe@mysql.com
412,Curry Bealton,24,514-751-1442,cbealtonbf@wiley.com
413,Yolanthe Pirie,67,690-220-7334,ypiriebg@meetup.com
414,Clint Boog,51,478-617-3166,cboogbh@bandcamp.com
415,Kai Gribbins,41,660-622-2898,kgribbinsbi@army.mil
416,Laurent Ingliss,36,268-336-4416,linglissbj@noaa.gov
417,Riobard Stidson,50,970-596-4594,rstidsonbk@facebook.com
418,Judah Coppock.,49,861-902-6289,jcoppockbl@123-reg.co.uk
419,Ara Mallya,36,233-467-3219,amallyabm@spiegel.de
420,Ana Andryushchenko,70,264-930-3523,aandryushchenkobn@123-reg.co.uk
421,Josepha Hanrott,61,519-227-0954,jhanrottbo@eepurl.com
422,Rosamond Axelbee,23,375-401-4373,raxelbeebp@google.com.hk
423,Margy Gerwood,60,826-603-6796,mgerwoodbq@example.com
424,Neille Bonnor,42,575-325-7873,nbonnorbr@shutterfly.com
425,Gertrud Spellar,35,674-470-3680,gspellarbs@squidoo.com
426,Randie Kobisch,27,217-702-3221,rkobischbt@elpais.com
427,Marga Illsley,38,787-793-4289,millsleybu@storify.com
428,Kore Leinweber,76,436-184-2116,kleinweberbv@topsy.com
429,Dacey Senett,72,358-737-7782,dsenettbw@census.gov
430,Verney Senten,59,720-242-3679,vsentenbx@gov.uk
431,Celle Trevascus,96,150-639-4172,ctrevascusby@sitemeter.com
432,Margareta McConnulty,18,767-853-2828,mmcconnultybz@linkedin.com
433,Lauren Trail,72,635-779-6531,ltrailc0@quantcast.com
434,Nina Glanton,66,702-732-7813,nglantonc1@bloglovin.com
435,Ezekiel Saich,71,915-859-5411,esaichc2@simplemachines.org
436,Reese Baughan,83,267-740-0166,rbaughanc3@cloudflare.com
437,Dell McKerlie,48,925-617-1593,dmckerliec4@t-online.de
438,Care Cane,84,249-593-0717,ccanec5@chronoengine.com
439,Corrianne Townsend,40,242-785-6299,ctownsendc6@t-online.de
440,Jacquenetta Bitchener,44,244-574-8092,jbitchenerc7@histats.com
441,Kizzie Fort,50,506-954-6087,kfortc8@globo.com
442,Alix Rorke,65,536-478-0506,arorkec9@tumblr.com
443,Kevina Vassbender,92,387-452-4643,kvassbenderca@nationalgeographic.com
444,Augy McIlmorow,71,734-455-6760,amcilmorowcb@wisc.edu
445,Barry Eadington,53,561-963-0414,beadingtoncc@cbslocal.com
446,Trula Casone,89,768-626-4598,tcasonecd@irs.gov
447,Boote Drable,79,775-152-8739,bdrablece@xrea.com
448,Gal Croxton,81,487-239-9496,gcroxtoncf@technorati.com
449,Bel O' Dornan,84,552-611-5980,bocg@arizona.edu
450,Rasia Kunisch,85,262-147-7571,rkunischch@ucoz.ru
451,Anselm Cordon,70,590-715-9632,acordonci@statcounter.com
452,Austin Le Brom,86,355-210-5264,alecj@ocn.ne.jp
453,Amandi Faccini,51,626-843-7508,afaccinick@webmd.com
454,Isaak McCroft,33,177-642-5115,imccroftcl@goo.ne.jp
455,Roderick Bock,72,721-749-4269,rbockcm@census.gov
456,Renate Taplin,65,165-373-9421,rtaplincn@ucla.edu
457,Codi Antyukhin,45,232-913-8351,cantyukhinco@soundcloud.com
458,Mathias Sandcroft,24,551-713-5563,msandcroftcp@webs.com
459,Afton Christal,68,204-379-0389,achristalcq@icio.us
460,Kerr Lamonby,62,617-508-7517,klamonbycr@imgur.com
461,Valery Geere,47,611-249-8641,vgeerecs@taobao.com
462,Izabel Pimblotte,19,943-337-7129,ipimblottect@xing.com
463,Tamarah Bramsen,95,778-648-6650,tbramsencu@wix.com
464,Rafael Dufore,80,868-972-2515,rduforecv@simplemachines.org
465,Pauletta Braitling,41,464-182-5735,pbraitlingcw@photobucket.com
466,Jasen Fox,63,121-678-2938,jfoxcx@opensource.org
467,Pincus Cordier,83,843-346-1519,pcordiercy@oaic.gov.au
468,Weylin Huett,76,900-967-6690,whuettcz@ask.com
469,Arin Proughten,76,714-295-2508,aproughtend0@pbs.org
470,Maurise Hurleston,82,625-774-3949,mhurlestond1@usda.gov
471,Harris Gosnoll,68,890-467-6971,hgosnolld2@blinklist.com
472,Chan Milstead,35,608-266-0780,cmilsteadd3@marriott.com
473,Frankie Pugsley,56,963-290-2476,fpugsleyd4@examiner.com
474,Rustin Cahalan,18,488-620-3517,rcahaland5@instagram.com
475,Flem McLemon,48,175-140-5015,fmclemond6@clickbank.net
476,Lena Lamplough,22,807-786-1857,llamploughd7@archive.org
477,Sadye Walklate,95,707-387-5789,swalklated8@freewebs.com
478,Bartholemy Althorp,58,408-343-2080,balthorpd9@photobucket.com
479,Wood Angrock,52,292-400-3810,wangrockda@ibm.com
480,Vanny Gowing,81,487-606-0978,vgowingdb@barnesandnoble.com
481,Ruth Hemphrey,33,882-553-4588,rhemphreydc@accuweather.com
482,Fionna Firebrace,68,860-879-7202,ffirebracedd@alexa.com
483,Carmencita Trustey,24,485-819-1347,ctrusteyde@barnesandnoble.com
484,Margarita Till,65,263-731-2108,mtilldf@nih.gov
485,Ursola Vynehall,93,473-165-2573,uvynehalldg@miibeian.gov.cn
486,Ernaline Mauchlen,77,891-466-2675,emauchlendh@intel.com
487,Una Dutch,97,121-800-1362,udutchdi@sciencedirect.com
488,Vita Maffione,21,986-453-3702,vmaffionedj@google.es
489,Helene Jeratt,95,975-737-7009,hjerattdk@examiner.com
490,Lexine Colafate,83,370-870-8799,lcolafatedl@theatlantic.com
491,Shaine Frichley,36,619-850-2819,sfrichleydm@plala.or.jp
492,Charley Smeeton,46,248-421-5955,csmeetondn@eepurl.com
493,Starlin Hinchon,90,156-153-4891,shinchondo@webs.com
494,Jorge Riseborough,74,110-181-5392,jriseboroughdp@aol.com
495,Bondy Heeley,41,604-795-6857,bheeleydq@skype.com
496,Rustin Rumgay,37,333-423-3490,rrumgaydr@unesco.org
497,Matteo Longforth,30,682-181-8708,mlongforthds@digg.com
498,Blinny Channing,66,347-906-0206,bchanningdt@google.co.uk
499,Candi Braisted,81,130-922-8898,cbraisteddu@psu.edu
500,Amerigo Hallen,36,303-864-8658,ahallendv@goo.ne.jp
501,Stanton Staveley,51,834-633-7011,sstaveleydw@geocities.com
502,Courtenay Hovel,85,441-276-9068,choveldx@furl.net
503,Stinky Stiegers,48,701-575-7512,sstiegersdy@scribd.com
504,Kathlin Allgood,67,531-425-1721,kallgooddz@google.com.br
505,Silas Nials,68,660-254-1042,snialse0@chron.com
506,Kalila Wiltshire,87,262-664-9823,kwiltshiree1@51.la
507,Elora Lambe,90,201-980-5516,elambee2@sogou.com
508,Bellanca Dray,59,511-272-7562,bdraye3@wordpress.org
509,Erasmus Polglaze,77,872-120-0615,epolglazee4@imgur.com
510,Isidro Regus,89,556-602-9430,ireguse5@cocolog-nifty.com
511,Karleen Claxson,80,947-356-1924,kclaxsone6@google.com.br
512,Alameda Roles,56,111-808-8543,arolese7@stanford.edu
513,Terry Tille,60,572-215-2714,ttillee8@un.org
514,Juieta Dictus,46,184-632-9394,jdictuse9@instagram.com
515,Querida Scourfield,20,436-994-8688,qscourfieldea@scientificamerican.com
516,Ignacio Cahalin,92,346-780-9395,icahalineb@surveymonkey.com
517,Stirling Hindhaugh,24,818-721-4444,shindhaughec@webeden.co.uk
518,Edythe Lovelace,54,950-115-9489,elovelaceed@smugmug.com
519,Celestina Claye,85,554-783-9595,cclayeee@facebook.com
520,Almira Revan,51,835-983-5020,arevanef@ucoz.com
521,Stanleigh MacGeffen,66,558-339-5656,smacgeffeneg@mit.edu
522,Jessalyn Swinden,55,747-328-5697,jswindeneh@wired.com
523,Donavon Herkess,81,670-400-6588,dherkessei@netscape.com
524,Kaela Stitson,66,345-353-7369,kstitsonej@zdnet.com
525,Janean Ranby,32,756-935-4283,jranbyek@webmd.com
526,Minerva Spilling,49,607-164-5121,mspillingel@ustream.tv
527,Belicia Castagno,24,921-798-6158,bcastagnoem@cbslocal.com
528,Adelaide Gentery,90,352-958-5905,agenteryen@themeforest.net
529,Blaine Siney,20,980-914-8822,bsineyeo@wikispaces.com
530,Skell Innott,44,909-972-2880,sinnottep@artisteer.com
531,Mandy Avis,36,552-118-2802,maviseq@amazon.co.jp
532,Wallis Montilla,46,353-281-9702,wmontillaer@behance.net
533,Niall Kobpa,79,880-484-8147,nkobpaes@marriott.com
534,Binky Press,87,525-811-5978,bpresset@google.ru
535,Jeramey Eakeley,74,761-111-3110,jeakeleyeu@lycos.com
536,Hobie De Goey,68,644-214-4740,hdeev@unicef.org
537,Madelin Kinsella,60,147-671-4888,mkinsellaew@ftc.gov
538,Bearnard Heamus,98,236-952-0476,bheamusex@businessweek.com
539,Tonya Frean,88,726-553-0145,tfreaney@taobao.com
540,Davy Wickey,64,766-393-6103,dwickeyez@tinyurl.com
541,Darsie MacMillan,30,427-676-8727,dmacmillanf0@bloomberg.com
542,Goraud Treen,50,578-565-7986,gtreenf1@army.mil
543,Callean Gilluley,69,254-262-5434,cgilluleyf2@uiuc.edu
544,Ki Dyche,53,204-632-3648,kdychef3@mozilla.com
545,Adrien McGillreich,53,326-826-2353,amcgillreichf4@photobucket.com
546,Grove Mawby,22,500-994-4170,gmawbyf5@123-reg.co.uk
547,Whitaker Jeste,32,989-736-9544,wjestef6@sakura.ne.jp
548,Laurice Riccardo,84,495-516-2948,lriccardof7@shinystat.com
549,Janka Melpuss,56,937-502-9369,jmelpussf8@usda.gov
550,Hartley Stonebridge,26,653-383-8620,hstonebridgef9@seattletimes.com
551,Shellysheldon Onge,72,951-958-7325,songefa@intel.com
552,Laurent Betz,60,157-911-8343,lbetzfb@google.cn
553,Malachi Cottel,42,290-956-7314,mcottelfc@oakley.com
554,Tildi Leeburne,66,326-678-6147,tleeburnefd@berkeley.edu
555,Vincents Wasmuth,78,633-148-1322,vwasmuthfe@tumblr.com
556,Henderson Hayne,68,718-401-4906,hhayneff@icio.us
557,Marni Pitson,25,890-106-3179,mpitsonfg@virginia.edu
558,Cyrill Lydden,54,292-410-9147,clyddenfh@addthis.com
559,Homer Leyre,58,743-592-1034,hleyrefi@forbes.com
560,Gabriela Dinis,25,139-607-9195,gdinisfj@cbslocal.com
561,Ario Spicer,19,924-565-8881,aspicerfk@sogou.com
562,Sheila-kathryn Rollason,78,617-701-1665,srollasonfl@hibu.com
563,Antone Roddie,71,887-359-2080,aroddiefm@desdev.cn
564,Alleyn Fownes,28,851-605-5313,afownesfn@baidu.com
565,Gerrard Haworth,19,400-729-4872,ghaworthfo@alibaba.com
566,Eliza Oultram,52,480-170-6620,eoultramfp@fema.gov
567,Mariana Dissman,35,633-829-7931,mdissmanfq@disqus.com
568,Lucie Holme,32,531-713-9715,lholmefr@washingtonpost.com
569,Worth Wash,18,294-265-0199,wwashfs@hatena.ne.jp
570,Klarrisa Raithbie,89,435-590-5843,kraithbieft@prnewswire.com
571,Caroline Pile,53,257-295-6379,cpilefu@cdc.gov
572,Broddy Foddy,47,857-356-0949,bfoddyfv@hostgator.com
573,Aeriela Blaskett,84,154-843-6459,ablaskettfw@army.mil
574,Charmion Escoffrey,87,612-472-1152,cescoffreyfx@stanford.edu
575,Clare Buntain,25,153-705-7381,cbuntainfy@studiopress.com
576,Had Benjefield,34,816-885-2305,hbenjefieldfz@deliciousdays.com
577,Abbe Gallanders,89,349-968-3350,agallandersg0@webeden.co.uk
578,Mel Domleo,97,752-321-3116,mdomleog1@marketwatch.com
579,Jeffy Oxford,62,770-665-4461,joxfordg2@usatoday.com
580,Toinette Harris,25,340-892-1200,tharrisg3@cbslocal.com
581,Correy Holby,74,356-597-7058,cholbyg4@nature.com
582,Chase Cersey,34,352-787-2141,ccerseyg5@vkontakte.ru
583,Dayle Dudderidge,38,239-325-3471,ddudderidgeg6@hhs.gov
584,Rozalin Mingaye,26,286-204-4023,rmingayeg7@wix.com
585,Lawry Sutor,26,443-876-2109,lsutorg8@shop-pro.jp
586,Lenee Holworth,84,682-215-4827,lholworthg9@elegantthemes.com
587,Danielle Lyal,77,298-139-5687,dlyalga@stumbleupon.com
588,Wilhelmine Sodor,18,496-822-6988,wsodorgb@merriam-webster.com
589,Reider Mandell,34,921-543-9250,rmandellgc@delicious.com
590,Lisetta Calam,58,156-517-0962,lcalamgd@squidoo.com
591,Trish Rozycki,19,236-159-9304,trozyckige@lycos.com
592,Dorothy Rockliffe,85,331-862-6482,drockliffegf@smh.com.au
593,Betsy Nisius,96,663-130-7621,bnisiusgg@princeton.edu
594,Delaney Sudy,76,579-483-8285,dsudygh@xrea.com
595,Tybie Mapstone,51,501-255-5318,tmapstonegi@statcounter.com
596,Midge Wetwood,72,768-795-0176,mwetwoodgj@huffingtonpost.com
597,Noelle Yashnov,33,926-153-2239,nyashnovgk@archive.org
598,Jennee Heath,22,596-463-0462,jheathgl@dyndns.org
599,Kermie Beran,86,212-332-2004,kberangm@nasa.gov
600,Klarika Larmuth,90,224-108-8961,klarmuthgn@google.de
601,Vinnie Weathey,21,719-126-4797,vweatheygo@google.de
602,Yves Boggish,25,235-599-4126,yboggishgp@bbc.co.uk
603,Giselle Cockrem,52,410-184-1989,gcockremgq@abc.net.au
604,Gusti Relfe,88,577-763-6996,grelfegr@ibm.com
605,North Branson,87,245-729-7057,nbransongs@oaic.gov.au
606,Forrester Fahy,93,279-378-4468,ffahygt@baidu.com
607,Gillie Valett,45,553-617-3198,gvalettgu@google.fr
608,Deloris Capozzi,27,137-165-7314,dcapozzigv@w3.org
609,Fulvia Perree,43,248-103-6722,fperreegw@census.gov
610,Jerry Perl,47,603-308-7256,jperlgx@stumbleupon.com
611,Ely Reinbech,98,666-581-1218,ereinbechgy@china.com.cn
612,Shani Coleyshaw,78,866-226-2874,scoleyshawgz@360.cn
613,Melodie Bagnold,51,142-377-4634,mbagnoldh0@ca.gov
614,Clerkclaude Breckon,98,809-440-9470,cbreckonh1@nba.com
615,Ruthann Hartin,43,894-866-1380,rhartinh2@photobucket.com
616,Eward Timmins,68,836-646-0214,etimminsh3@weather.com
617,Yolanthe Melmoth,44,319-532-1868,ymelmothh4@canalblog.com
618,Una Heffy,97,391-978-4807,uheffyh5@imgur.com
619,Florentia Shenton,43,524-625-8691,fshentonh6@nasa.gov
620,Livvy Giovannini,38,588-374-5227,lgiovanninih7@bbb.org
621,Michael Jaffra,20,283-446-1634,mjaffrah8@multiply.com
622,Jasper Eliasen,82,211-445-2785,jeliasenh9@fotki.com
623,Birgitta Washington,29,801-802-3405,bwashingtonha@ucoz.com
624,Ephraim Buffy,20,301-486-6442,ebuffyhb@g.co
625,Davina Seagood,38,630-665-2145,dseagoodhc@chron.com
626,Culver Westwick,43,720-130-3706,cwestwickhd@oracle.com
627,Curcio Hellicar,70,407-308-0678,chellicarhe@bizjournals.com
628,Claudelle Carless,21,603-608-2195,ccarlesshf@altervista.org
629,Mikael Ribeiro,25,356-636-0498,mribeirohg@macromedia.com
630,Terra Pedrielli,60,930-428-5043,tpedriellihh@nbcnews.com
631,Camella Balaisot,31,124-889-4160,cbalaisothi@mayoclinic.com
632,Demetra Reinbech,81,716-483-8995,dreinbechhj@nytimes.com
633,Dominic Andric,38,733-131-3371,dandrichk@cpanel.net
634,Flem Crose,19,212-205-8405,fcrosehl@nbcnews.com
635,Alanson O'Hartagan,66,983-353-4251,aohartaganhm@smugmug.com
636,Camel Northcott,61,124-328-1869,cnorthcotthn@delicious.com
637,Hedwig Leeuwerink,71,814-779-5153,hleeuwerinkho@bandcamp.com
638,Edythe Parratt,99,480-611-2141,eparratthp@who.int
639,Myrah Armor,44,718-479-2781,marmorhq@dyndns.org
640,Reid Ortner,84,855-732-5036,rortnerhr@pbs.org
641,Charita Huxham,61,470-657-5932,chuxhamhs@imageshack.us
642,Gill Simm,23,321-890-1331,gsimmht@businesswire.com
643,Bank Malcolm,94,942-477-0848,bmalcolmhu@java.com
644,Tabatha Itzkovwich,81,893-523-5571,titzkovwichhv@google.com.br
645,Teddie Markie,22,442-808-1311,tmarkiehw@artisteer.com
646,Nari Huckin,57,344-202-9663,nhuckinhx@symantec.com
647,Roze Hardwich,42,616-850-9321,rhardwichhy@people.com.cn
648,Iona Lisimore,21,423-194-1733,ilisimorehz@csmonitor.com
649,Elianora Coolican,67,217-813-9362,ecoolicani0@mac.com
650,Bucky McCoid,33,217-600-2931,bmccoidi1@issuu.com
651,Bettine Schirak,28,109-951-6803,bschiraki2@canalblog.com
652,Emmalynn Swiers,61,407-464-7855,eswiersi3@rambler.ru
653,Jerrilyn Harmond,79,389-768-9157,jharmondi4@nydailynews.com
654,Lorettalorna Bore,91,349-754-1032,lborei5@acquirethisname.com
655,Etti Jemmett,31,457-625-6131,ejemmetti6@a8.net
656,Wade Barrow,90,548-700-3296,wbarrowi7@cnbc.com
657,Fair Prew,99,768-536-7630,fprewi8@timesonline.co.uk
658,Rena Willimott,80,514-842-6604,rwillimotti9@answers.com
659,Alick Frenchum,20,765-203-3296,afrenchumia@seesaa.net
660,Laird Polglaze,20,155-571-6156,lpolglazeib@dropbox.com
661,Cordie Scowcraft,76,724-695-4840,cscowcraftic@statcounter.com
662,Alfons Uman,18,414-904-3751,aumanid@techcrunch.com
663,Elston Petracchi,78,604-789-2593,epetracchiie@cbc.ca
664,Corry Tunn,65,115-687-4004,ctunnif@etsy.com
665,Buiron Lorand,92,380-859-1353,blorandig@unblog.fr
666,Lindy Westpfel,81,191-175-8279,lwestpfelih@storify.com
667,Galvan Kirtley,94,106-361-2320,gkirtleyii@about.me
668,Philippa O'Currine,90,657-944-2940,pocurrineij@twitpic.com
669,Sonia Geffcock,59,423-741-6763,sgeffcockik@diigo.com
670,Breena Walentynowicz,99,650-320-9405,bwalentynowiczil@google.co.uk
671,Reba Sibbert,22,287-492-7092,rsibbertim@qq.com
672,Shandee Yurkin,27,895-755-7085,syurkinin@thetimes.co.uk
673,Gerhard Heaford,86,720-570-2706,gheafordio@issuu.com
674,Yelena Beaten,77,159-935-7052,ybeatenip@paypal.com
675,Say Cast,54,669-116-4386,scastiq@ebay.com
676,Nero Pledge,71,205-192-7431,npledgeir@wix.com
677,Karee Hooban,85,677-950-1074,khoobanis@bandcamp.com
678,Dasya Pretty,20,194-415-5164,dprettyit@liveinternet.ru
679,Carney Gouge,51,939-467-1597,cgougeiu@cmu.edu
680,Jay Grubbe,71,756-946-1383,jgrubbeiv@wikimedia.org
681,Betsey Mableson,59,315-513-4270,bmablesoniw@sfgate.com
682,Holt Paffitt,84,738-153-2461,hpaffittix@umich.edu
683,Imelda Edmead,47,890-588-0278,iedmeadiy@shareasale.com
684,Jerry Pien,29,162-465-8686,jpieniz@ucoz.com
685,Ashly Binyon,63,312-830-2916,abinyonj0@mlb.com
686,Clair Calender,41,450-561-2488,ccalenderj1@fda.gov
687,Royal Jochanany,50,962-954-9857,rjochananyj2@delicious.com
688,Brandtr Hartrick,32,291-459-1599,bhartrickj3@answers.com
689,Sophia Martello,70,914-604-1285,smartelloj4@seattletimes.com
690,Sharla Mendonca,32,639-766-9731,smendoncaj5@prweb.com
691,Kathe Twinberrow,39,414-659-9328,ktwinberrowj6@jiathis.com
692,Kyla Leehane,70,461-745-9014,kleehanej7@tumblr.com
693,Roanna Franz,58,614-786-0049,rfranzj8@i2i.jp
694,Kylila Glavias,34,888-146-7568,kglaviasj9@disqus.com
695,Clare Smalls,39,399-888-2142,csmallsja@odnoklassniki.ru
696,Vin Spira,47,779-478-7877,vspirajb@ameblo.jp
697,Iormina Rubrow,80,495-843-1132,irubrowjc@cargocollective.com
698,Ree Shepton,33,133-204-8504,rsheptonjd@soup.io
699,Ermin Fishbourne,92,661-592-0841,efishbourneje@google.co.jp
700,Carrie Sergean,80,103-765-2343,csergeanjf@constantcontact.com
701,Daune Murrells,41,303-315-4881,dmurrellsjg@nsw.gov.au
702,Rachele Charkham,88,696-272-3118,rcharkhamjh@w3.org
703,Scotty McCrorie,61,445-119-6647,smccrorieji@twitpic.com
704,Ximenes Roxburch,18,262-343-5422,xroxburchjj@moonfruit.com
705,Rosy Middleditch,45,457-387-5798,rmiddleditchjk@cpanel.net
706,Thaine Neasam,28,401-118-7270,tneasamjl@biglobe.ne.jp
707,Lilly Hinkins,98,949-843-5877,lhinkinsjm@cbc.ca
708,Hastings Chinnery,24,290-123-8176,hchinneryjn@usgs.gov
709,Malvina Blunsom,87,384-561-1166,mblunsomjo@uol.com.br
710,Edita Lacasa,32,667-996-3851,elacasajp@china.com.cn
711,Bibbye Barti,44,591-333-5661,bbartijq@apache.org
712,Reina Wackett,64,331-613-5627,rwackettjr@mac.com
713,Vaughan Renton,90,924-200-1336,vrentonjs@google.nl
714,Chryste Skeermer,40,205-745-2854,cskeermerjt@shareasale.com
715,Vania Simka,63,958-888-4835,vsimkaju@yellowbook.com
716,Jacenta Gautrey,30,170-298-8553,jgautreyjv@github.io
717,Adel Smitherman,96,513-932-4113,asmithermanjw@ibm.com
718,Gelya Westrip,97,525-654-8997,gwestripjx@ibm.com
719,Catlee Sacker,55,568-523-6887,csackerjy@marriott.com
720,Netti Lathee,77,736-178-4389,nlatheejz@cdbaby.com
721,Trudy Bamborough,21,417-223-9988,tbamboroughk0@hp.com
722,Lyndel Keymar,49,453-512-1930,lkeymark1@abc.net.au
723,Coretta Pristnor,27,640-309-3957,cpristnork2@unc.edu
724,Farlie Matthaus,79,866-963-3113,fmatthausk3@instagram.com
725,Horatio Wetherburn,20,888-990-7916,hwetherburnk4@taobao.com
726,Agnesse Bench,70,830-976-4314,abenchk5@dion.ne.jp
727,Shaun Mounce,26,945-880-4133,smouncek6@flickr.com
728,Grove Verdon,55,463-412-5848,gverdonk7@sbwire.com
729,Morten Dormon,70,817-308-1316,mdormonk8@europa.eu
730,Denise Glen,22,899-554-3668,dglenk9@icio.us
731,Filmore Whitwell,26,254-747-6064,fwhitwellka@hubpages.com
732,Valene O'Mohun,70,894-963-5011,vomohunkb@fda.gov
733,Anders Kampshell,21,271-668-1487,akampshellkc@ovh.net
734,Ellwood Stanlake,46,851-161-2068,estanlakekd@dagondesign.com
735,Bibbie Spacey,19,673-137-9904,bspaceyke@loc.gov
736,Cordie Westmacott,47,525-648-5222,cwestmacottkf@cyberchimps.com
737,Iolanthe Jarman,63,224-794-8430,ijarmankg@wix.com
738,Tadeo Poulston,90,367-469-6278,tpoulstonkh@paypal.com
739,Devi Eddowis,96,110-792-5639,deddowiski@msu.edu
740,Seamus Arthur,60,428-843-4427,sarthurkj@state.tx.us
741,Averil Ferrari,37,244-157-9661,aferrarikk@skyrock.com
742,Normy Gavigan,38,170-229-0607,ngavigankl@ovh.net
743,Rockey Aguirrezabala,82,337-773-2722,raguirrezabalakm@goodreads.com
744,Tildy Shevill,53,662-817-7658,tshevillkn@nationalgeographic.com
745,Austin Whittick,36,941-512-1336,awhittickko@creativecommons.org
746,Ketty Buddle,74,531-236-2767,kbuddlekp@goo.gl
747,Otha Beaty,77,753-398-5089,obeatykq@51.la
748,Bonita Dallicoat,20,247-360-8031,bdallicoatkr@independent.co.uk
749,Hilda Claxson,18,303-773-3762,hclaxsonks@microsoft.com
750,Rudiger Espina,29,958-773-4907,respinakt@joomla.org
751,Dare Coxwell,77,591-810-7815,dcoxwellku@hexun.com
752,Babette Catchpole,51,388-193-9948,bcatchpolekv@usda.gov
753,Karlyn Hoyles,79,855-359-7916,khoyleskw@europa.eu
754,Giuseppe Astbery,81,142-920-8969,gastberykx@vk.com
755,Brody Daye,52,619-890-7295,bdayeky@hhs.gov
756,Evered Sculley,78,465-793-2572,esculleykz@networkadvertising.org
757,Cordelia Santarelli,99,605-354-7397,csantarellil0@acquirethisname.com
758,Noelle Guntrip,69,733-762-2075,nguntripl1@illinois.edu
759,Von Tackle,49,843-709-2324,vtacklel2@sourceforge.net
760,Donall Latta,71,452-167-1921,dlattal3@printfriendly.com
761,Sylvan Ledes,31,726-506-3697,sledesl4@skyrock.com
762,Collie Bough,66,222-896-8327,cboughl5@ask.com
763,Winnifred Shier,74,683-660-2632,wshierl6@state.gov
764,Shoshanna Scardifield,52,732-473-2046,sscardifieldl7@europa.eu
765,Georgiana Terbruggen,77,654-797-5762,gterbruggenl8@vinaora.com
766,Gallard Pattison,46,762-356-1032,gpattisonl9@weather.com
767,Gale Roze,18,599-162-4239,grozela@amazon.de
768,Joelly Bawle,77,702-744-0566,jbawlelb@princeton.edu
769,Ervin Janton,75,330-738-0253,ejantonlc@wsj.com
770,Brear Gensavage,82,469-851-8979,bgensavageld@netvibes.com
771,Granger Pohls,93,512-609-4085,gpohlsle@ftc.gov
772,Taylor Heifer,54,700-849-0011,theiferlf@rambler.ru
773,Salli Pimblott,90,648-869-0239,spimblottlg@prweb.com
774,Ivonne Measor,90,297-545-3970,imeasorlh@shutterfly.com
775,Giselle Thomason,81,113-249-2673,gthomasonli@examiner.com
776,Zarah Gullane,50,875-568-8702,zgullanelj@naver.com
777,Cosmo Scimonelli,81,915-798-4769,cscimonellilk@theglobeandmail.com
778,Yard Brashier,83,959-951-8998,ybrashierll@slate.com
779,Haroun Ridder,47,374-301-5406,hridderlm@meetup.com
780,Willabella Studdard,62,974-913-9556,wstuddardln@istockphoto.com
781,Ed Tumbridge,64,183-796-1620,etumbridgelo@sohu.com
782,Marilee Kerkham,51,235-843-2223,mkerkhamlp@ca.gov
783,Noelle Reagan,90,849-906-9945,nreaganlq@google.cn
784,Bibbie Pretsel,49,134-902-6537,bpretsellr@economist.com
785,Sylvan Ivashnyov,43,595-608-2526,sivashnyovls@phoca.cz
786,Ferrell Pierrepont,36,500-300-8922,fpierrepontlt@meetup.com
787,Laverna Hundall,53,344-951-2967,lhundalllu@narod.ru
788,Emelyne Bickerstaff,34,571-224-0178,ebickerstafflv@unicef.org
789,Carmelia Gash,88,788-437-0442,cgashlw@behance.net
790,Wendel Thomasson,65,974-676-0953,wthomassonlx@mozilla.org
791,Ana Davinet,95,603-696-5372,adavinetly@webeden.co.uk
792,Grayce Treen,84,684-510-4620,gtreenlz@tamu.edu
793,Rriocard Schoolcroft,39,655-158-3320,rschoolcroftm0@sun.com
794,Collin Kitchingham,81,819-957-8461,ckitchinghamm1@mediafire.com
795,Horatio Veysey,69,859-206-0908,hveyseym2@blog.com
796,Kipper Myles,83,103-242-4490,kmylesm3@whitehouse.gov
797,Zorina McClary,49,177-403-8292,zmcclarym4@goodreads.com
798,Kip Cuniffe,23,471-754-1858,kcuniffem5@dot.gov
799,Rochell Garretson,81,867-879-8419,rgarretsonm6@ucoz.ru
800,Schuyler Longfut,55,545-595-2993,slongfutm7@pinterest.com
801,Cliff Folbig,96,414-155-0642,cfolbigm8@wikimedia.org
802,Nathanil Mynett,98,136-112-0514,nmynettm9@gov.uk
803,Wyn Gouth,52,484-803-1199,wgouthma@noaa.gov
804,Rivkah Wimlett,99,817-228-9450,rwimlettmb@privacy.gov.au
805,Lin Wanklyn,48,734-153-7253,lwanklynmc@newsvine.com
806,Dore Skeldon,40,451-600-6590,dskeldonmd@blinklist.com
807,Jean Skacel,75,758-486-9406,jskacelme@omniture.com
808,Sherwood Bellas,40,683-457-2544,sbellasmf@ucla.edu
809,Allsun Madigan,76,623-200-9771,amadiganmg@tamu.edu
810,Tailor Bedlington,99,144-597-9535,tbedlingtonmh@godaddy.com
811,Annis Matignon,46,696-667-3360,amatignonmi@weibo.com
812,Reggis Millbank,45,799-605-5317,rmillbankmj@comsenz.com
813,Shelton Temprell,30,495-999-2696,stemprellmk@yellowpages.com
814,Magdalen Challicum,43,595-778-2820,mchallicumml@google.es
815,Nevile Cheater,54,275-864-5884,ncheatermm@slideshare.net
816,Sianna Allbones,58,560-775-2209,sallbonesmn@ning.com
817,Rosabella Abrashkin,99,775-501-1667,rabrashkinmo@topsy.com
818,Eachelle Brennon,22,200-959-3763,ebrennonmp@pinterest.com
819,Hubert Pietersma,58,877-312-5120,hpietersmamq@is.gd
820,Creight Barley,57,484-613-1726,cbarleymr@privacy.gov.au
821,Sargent Mongan,69,357-546-6264,smonganms@facebook.com
822,Bryn Pencost,61,456-604-1542,bpencostmt@angelfire.com
823,Isidoro Dudmesh,88,134-140-3081,idudmeshmu@chron.com
824,Amata Chevis,59,709-182-3379,achevismv@quantcast.com
825,Benetta Thurgood,61,989-181-4104,bthurgoodmw@squidoo.com
826,Andeee Bennison,20,812-209-5305,abennisonmx@archive.org
827,Guillaume Maryon,26,146-446-7223,gmaryonmy@google.pl
828,Eliza Brummell,25,353-566-8303,ebrummellmz@yahoo.co.jp
829,Drud Eytel,58,587-736-6180,deyteln0@nydailynews.com
830,Barnard Doubleday,47,394-251-9868,bdoubledayn1@fotki.com
831,Kylynn Clemmow,86,377-816-8441,kclemmown2@fc2.com
832,Minor De Benedetti,99,441-185-0571,mden3@nsw.gov.au
833,Dyna Tompion,25,543-123-0592,dtompionn4@nba.com
834,Nealson Carslaw,66,246-777-4231,ncarslawn5@accuweather.com
835,Haskel Beveredge,32,656-917-6944,hbeveredgen6@ox.ac.uk
836,Cherilynn Posvner,53,263-382-9108,cposvnern7@dailymail.co.uk
837,Gustavus Munn,97,797-817-7391,gmunnn8@thetimes.co.uk
838,Tirrell Blastock,39,314-430-9091,tblastockn9@dyndns.org
839,Chiarra Grunnill,38,270-521-7600,cgrunnillna@istockphoto.com
840,Gunther Legrand,27,631-359-8770,glegrandnb@pbs.org
841,Laural Shepperd,19,101-286-7420,lshepperdnc@ft.com
842,Malissa Battey,79,991-230-4454,mbatteynd@ihg.com
843,Mari Reeves,29,323-803-1106,mreevesne@ed.gov
844,Maddie Bloodworthe,27,432-584-1373,mbloodworthenf@elpais.com
845,Wes Vasenkov,25,974-985-4696,wvasenkovng@indiatimes.com
846,Moina Foyston,32,797-883-7076,mfoystonnh@mac.com
847,Shepperd Dockreay,52,670-923-1783,sdockreayni@netvibes.com
848,Nowell Ciciura,59,827-266-1554,nciciuranj@people.com.cn
849,Shamus Pawelec,51,973-702-2183,spawelecnk@nytimes.com
850,Trace Reubens,63,660-275-7596,treubensnl@elpais.com
851,Dorry Tottie,46,755-593-0773,dtottienm@ucoz.ru
852,Hilliard Pautot,75,311-108-5598,hpautotnn@instagram.com
853,Raphaela Folling,20,186-164-0045,rfollingno@php.net
854,Shayne Noto,74,519-674-2376,snotonp@google.cn
855,Brietta Klimkowski,84,377-636-4474,bklimkowskinq@prweb.com
856,Conrad Iorio,63,354-319-2641,ciorionr@nps.gov
857,Herman Restorick,35,911-527-3913,hrestorickns@ted.com
858,Rosana Kilpatrick,63,803-156-0276,rkilpatricknt@blinklist.com
859,Enid Crossley,87,794-258-2417,ecrossleynu@hibu.com
860,Gavra Probin,91,171-612-2870,gprobinnv@yale.edu
861,Ethelin Ramsted,93,929-504-4409,eramstednw@si.edu
862,Melinda Froome,23,489-386-4989,mfroomenx@bbb.org
863,Donn Chrishop,26,983-148-6504,dchrishopny@spotify.com
864,Abigale Bandiera,68,639-577-5428,abandieranz@archive.org
865,Paulie Cockayne,98,101-408-2139,pcockayneo0@hugedomains.com
866,Aime Jadczak,51,145-516-4229,ajadczako1@fastcompany.com
867,Tobie Ege,40,858-795-4740,tegeo2@godaddy.com
868,Gaile Kinneir,92,299-526-5830,gkinneiro3@paypal.com
869,Xenos Laird,88,561-851-4382,xlairdo4@oracle.com
870,Tiffy Klaesson,53,535-157-9764,tklaessono5@dropbox.com
871,Keefe Jeppe,39,618-206-1364,kjeppeo6@utexas.edu
872,Hadria Linden,25,719-409-8966,hlindeno7@fotki.com
873,Ariel Milligan,29,884-612-9636,amilligano8@nasa.gov
874,Phoebe Audry,24,112-677-9383,paudryo9@apache.org
875,Nananne Gaffney,61,789-350-6176,ngaffneyoa@unesco.org
876,Feodor Stretton,59,592-510-5925,fstrettonob@vinaora.com
877,Brita Rilings,58,380-423-2290,brilingsoc@hubpages.com
878,Melita Klessmann,36,441-889-8071,mklessmannod@usgs.gov
879,Kirbie Wibberley,21,309-223-9250,kwibberleyoe@linkedin.com
880,Adrian Stewart,53,959-389-5535,astewartof@uol.com.br
881,Dannye Archdeckne,61,563-461-5270,darchdeckneog@psu.edu
882,Everett Dallimare,93,392-466-9731,edallimareoh@baidu.com
883,Symon Davidovitch,91,338-620-7244,sdavidovitchoi@gnu.org
884,Roseanna Ritter,93,848-694-5718,rritteroj@infoseek.co.jp
885,Irving Canto,57,601-869-3606,icantook@zdnet.com
886,Thomasine Nester,35,324-549-0596,tnesterol@uol.com.br
887,Dorothee Latchmore,87,175-151-3639,dlatchmoreom@skyrock.com
888,Jeramey Parmby,26,444-227-0541,jparmbyon@t-online.de
889,Adrian Ianetti,37,200-328-7401,aianettioo@un.org
890,Sarina Whittles,19,830-990-0003,swhittlesop@pbs.org
891,Henderson Ingles,66,847-932-4953,hinglesoq@mail.ru
892,Artair Hagwood,97,638-526-6577,ahagwoodor@yellowbook.com
893,Leticia Ocheltree,45,131-745-9937,locheltreeos@ebay.co.uk
894,Bald Pottiphar,20,114-203-1782,bpottipharot@constantcontact.com
895,Beale Drabble,85,952-606-5389,bdrabbleou@timesonline.co.uk
896,Gabriel Pitceathly,89,253-304-2153,gpitceathlyov@virginia.edu
897,Gerrilee Baford,25,347-369-4494,gbafordow@wordpress.com
898,Brad Urlich,90,207-712-7308,burlichox@last.fm
899,Nona Berwick,70,431-449-2141,nberwickoy@hao123.com
900,Donal Tasseler,81,822-194-9010,dtasseleroz@tripadvisor.com
901,Clari Hitchens,65,111-273-2549,chitchensp0@reference.com
902,Rubin Armour,98,915-443-0088,rarmourp1@soup.io
903,Sela Massel,30,676-743-5531,smasselp2@bloglines.com
904,Florance Silverthorn,39,494-711-3044,fsilverthornp3@paginegialle.it
905,Sawyere Windmill,26,249-771-7154,swindmillp4@hhs.gov
906,Ragnar Kinavan,88,612-243-8932,rkinavanp5@123-reg.co.uk
907,Jami Hadley,30,314-353-7995,jhadleyp6@surveymonkey.com
908,Aurea Coslett,75,563-784-4176,acoslettp7@msu.edu
909,Ailey Lawtey,93,657-468-5383,alawteyp8@yelp.com
910,Kiersten Hynard,29,582-583-1167,khynardp9@blinklist.com
911,Charmain Kenningley,59,140-881-1746,ckenningleypa@opera.com
912,Misha Dargue,67,181-524-9520,mdarguepb@naver.com
913,Elisa Usherwood,78,450-653-2540,eusherwoodpc@amazon.co.uk
914,Maureene Agnolo,60,342-728-0846,magnolopd@dot.gov
915,Olympie Stores,67,563-504-9988,ostorespe@umich.edu
916,Romy Peacock,86,667-344-7016,rpeacockpf@state.gov
917,Lauren Gyenes,93,531-712-7688,lgyenespg@exblog.jp
918,Hermie Brownlie,44,904-903-1744,hbrownlieph@yahoo.com
919,Bella Lefever,72,853-828-7880,blefeverpi@tiny.cc
920,Stephi Curm,57,714-896-0222,scurmpj@slashdot.org
921,Dillie Hinge,43,409-625-2375,dhingepk@example.com
922,Laney Ramalho,54,799-510-9391,lramalhopl@answers.com
923,Walt Wardrope,19,873-270-9822,wwardropepm@dailymail.co.uk
924,Vance Lawtey,88,384-441-6875,vlawteypn@blogtalkradio.com
925,Sylvia Atmore,96,679-305-1084,satmorepo@soundcloud.com
926,Robinson Tallboy,39,929-319-5977,rtallboypp@dot.gov
927,Maryanna Somes,36,575-568-5450,msomespq@mtv.com
928,Eliza Sunner,76,241-957-5525,esunnerpr@adobe.com
929,Gisella Crosio,85,443-218-1185,gcrosiops@wunderground.com
930,Loralee Eastmead,80,828-341-0578,leastmeadpt@yale.edu
931,Alfons Palatini,55,478-586-4676,apalatinipu@unesco.org
932,Letty Arlt,73,848-688-2372,larltpv@geocities.com
933,Kendra Raulin,25,196-171-6429,kraulinpw@sciencedaily.com
934,Rozanna Brewitt,36,158-422-2438,rbrewittpx@paginegialle.it
935,Maxie Dalton,28,800-159-4406,mdaltonpy@walmart.com
936,Crissy Chattey,67,799-948-7451,cchatteypz@cnbc.com
937,Evaleen Hedley,56,485-243-0735,ehedleyq0@ask.com
938,Karrie Daubney,84,278-714-9755,kdaubneyq1@youtu.be
939,Ansell Roch,82,652-660-2269,arochq2@usatoday.com
940,Judd Eastes,33,557-957-6974,jeastesq3@ocn.ne.jp
941,Creight Tie,32,421-216-6745,ctieq4@sun.com
942,Pearline Walthall,24,607-933-1489,pwalthallq5@xrea.com
943,Egan Ruddock,89,116-756-9469,eruddockq6@google.fr
944,Brok Petera,90,331-120-0759,bpeteraq7@mlb.com
945,Worthington Leap,27,174-869-8851,wleapq8@google.com.hk
946,Rancell Virgin,93,642-330-9202,rvirginq9@hostgator.com
947,Melina Ivanchin,60,670-943-2724,mivanchinqa@symantec.com
948,Odette Domino,86,511-842-0730,odominoqb@free.fr
949,Trey Emburey,49,887-773-7403,tembureyqc@sitemeter.com
950,Fernando Cherm,36,551-768-5743,fchermqd@cisco.com
951,Giulietta Chisholme,61,146-166-3647,gchisholmeqe@delicious.com
952,Dieter Lambal,32,325-848-6741,dlambalqf@eventbrite.com
953,Moselle McGeffen,19,252-155-5363,mmcgeffenqg@yellowbook.com
954,Stephen Somerton,32,401-569-2928,ssomertonqh@indiegogo.com
955,Jon Wimlett,94,992-766-1733,jwimlettqi@cargocollective.com
956,Daryl Waddingham,50,550-573-2678,dwaddinghamqj@spotify.com
957,Kimberley Featherstonhaugh,75,451-735-1421,kfeatherstonhaughqk@upenn.edu
958,Timmi Wimms,96,347-625-0457,twimmsql@4shared.com
959,Kahaleel Harridge,54,203-557-8378,kharridgeqm@cbc.ca
960,Sebastian Kirley,88,452-365-5628,skirleyqn@lulu.com
961,Julie Janku,99,904-717-7744,jjankuqo@netscape.com
962,Cesar Jellyman,65,690-429-9646,cjellymanqp@4shared.com
963,Ruthe Iori,21,181-675-1217,rioriqq@salon.com
964,Bron Mourbey,60,883-751-1932,bmourbeyqr@altervista.org
965,Ciel Pietruszka,93,575-962-6334,cpietruszkaqs@wikispaces.com
966,Janis Olennikov,89,838-753-7766,jolennikovqt@weibo.com
967,Aksel Mallon,71,705-601-2038,amallonqu@ft.com
968,Caro Metschke,81,822-798-0378,cmetschkeqv@mozilla.org
969,Danny Rigard,26,311-227-5834,drigardqw@ebay.com
970,Reinaldos Phillips,94,985-190-4895,rphillipsqx@blogtalkradio.com
971,Elnore Fanthome,27,498-547-5582,efanthomeqy@topsy.com
972,Row Mulqueen,19,133-477-8423,rmulqueenqz@t-online.de
973,Derrick Huard,53,285-816-9644,dhuardr0@theguardian.com
974,Derby Pesselt,37,929-952-4188,dpesseltr1@ft.com
975,Jackson Vail,85,231-651-4515,jvailr2@photobucket.com
976,Marketa Bouldon,92,903-751-2864,mbouldonr3@twitpic.com
977,Rozella Biskupski,80,909-731-1456,rbiskupskir4@cocolog-nifty.com
978,Willyt Brunetti,75,383-280-2536,wbrunettir5@uiuc.edu
979,Sigismundo Duffitt,18,528-196-5616,sduffittr6@state.tx.us
980,Leroy Key,64,487-328-5083,lkeyr7@google.com.hk
981,Min Kemmer,54,328-375-5704,mkemmerr8@netlog.com
982,Eloise Pennazzi,42,827-493-1026,epennazzir9@desdev.cn
983,Corina Ivantsov,36,234-602-2323,civantsovra@addthis.com
984,Ole Langmaid,94,559-532-8301,olangmaidrb@fastcompany.com
985,Tab Patise,54,338-668-1322,tpatiserc@purevolume.com
986,Johannes Alexsandrov,80,107-781-3728,jalexsandrovrd@skyrock.com
987,Dorri Pawlata,83,600-352-1793,dpawlatare@europa.eu
988,Elora Geekie,56,627-743-7390,egeekierf@rakuten.co.jp
989,Zerk Verlander,50,526-480-0285,zverlanderrg@symantec.com
990,Layne Perren,30,610-676-2906,lperrenrh@yellowpages.com
991,Carolin Posselow,44,798-377-6478,cposselowri@thetimes.co.uk
992,Carole Dimmne,44,558-590-6885,cdimmnerj@ebay.co.uk
993,Cherye McAloren,90,523-997-9252,cmcalorenrk@apache.org
994,Millicent McGarrell,72,962-957-4861,mmcgarrellrl@sourceforge.net
995,Skippy Wims,97,968-434-0162,swimsrm@japanpost.jp
996,Winne Eglington,55,365-385-9412,weglingtonrn@nps.gov
997,Dredi Napoli,29,818-727-8111,dnapoliro@nymag.com
998,Lucho Pollok,25,782-200-3314,lpollokrp@paginegialle.it
999,Estell Soughton,55,219-300-0310,esoughtonrq@imgur.com
1000,Caren Pounds,38,796-174-2589,cpoundsrr@seesaa.net
